"STATION","DATE","LATITUDE","LONGITUDE","ELEVATION","NAME","TEMP","TEMP_ATTRIBUTES","DEWP","DEWP_ATTRIBUTES","SLP","SLP_ATTRIBUTES","STP","STP_ATTRIBUTES","VISIB","VISIB_ATTRIBUTES","WDSP","WDSP_ATTRIBUTES","MXSPD","GUST","MAX","MAX_ATTRIBUTES","MIN","MIN_ATTRIBUTES","PRCP","PRCP_ATTRIBUTES","SNDP","FRSHTT"
"72572024127","2006-01-01","40.7781","-111.9694","1287.8","SALT LAKE CITY INTERNATIONAL AIRPORT, UT US","  41.6","24","  30.2","24","1006.7","22","862.1","24","  9.7","24"," 10.5","24"," 27.0"," 34.0","  50.0","*","  34.0","*"," 0.22","G","999.9","011000"
"72572024127","2006-01-02","40.7781","-111.9694","1287.8","SALT LAKE CITY INTERNATIONAL AIRPORT, UT US","  42.2","24","  30.1","24","1008.3","24","864.2","24","  9.8","24"," 13.9","24"," 22.9"," 26.8","  52.0"," ","  32.0"," "," 0.05","G","999.9","010000"
"72572024127","2006-01-03","40.7781","-111.9694","1287.8","SALT LAKE CITY INTERNATIONAL AIRPORT, UT US","  44.9","24","  32.7","24","1011.0","24","866.5","24","  9.8","24"," 13.1","24"," 24.9"," 31.7","  52.0"," ","  36.0"," "," 0.01","G","999.9","010000"
"72572024127","2006-01-04","40.7781","-111.9694","1287.8","SALT LAKE CITY INTERNATIONAL AIRPORT, UT US","  40.0","24","  31.5","24","1027.5","24","880.3","24","  9.6","24","  4.9","24"," 10.9","999.9","  46.9"," ","  36.0"," "," 0.08","G","999.9","010000"
"72572024127","2006-01-05","40.7781","-111.9694","1287.8","SALT LAKE CITY INTERNATIONAL AIRPORT, UT US","  35.4","24","  23.8","24","1038.9","24","889.7","24"," 10.0","24","  4.0","24","  9.9","999.9","  46.9"," ","  27.0"," "," 0.00","G","999.9","000000"
"72572024127","2006-01-06","40.7781","-111.9694","1287.8","SALT LAKE CITY INTERNATIONAL AIRPORT, UT US","  33.8","24","  26.3","24","1032.3","24","883.6","24"," 10.0","24","  2.9","24","  7.0","999.9","  48.0"," ","  24.1"," "," 0.00","G","999.9","000000"
"72572024127","2006-01-07","40.7781","-111.9694","1287.8","SALT LAKE CITY INTERNATIONAL AIRPORT, UT US","  33.5","24","  28.7","24","1015.9","24","869.6","24","  9.6","24","  4.9","24"," 12.8","999.9","  45.0"," ","  24.1"," "," 0.00","G","999.9","000000"
"72572024127","2006-01-08","40.7781","-111.9694","1287.8","SALT LAKE CITY INTERNATIONAL AIRPORT, UT US","  36.4","24","  25.7","24","1018.1","24","871.5","24"," 10.0","24","  5.7","24"," 13.8","999.9","  45.0"," ","  25.0"," "," 0.02","G","999.9","010000"
"72572024127","2006-01-09","40.7781","-111.9694","1287.8","SALT LAKE CITY INTERNATIONAL AIRPORT, UT US","  29.3","24","  20.6","24","1031.4","24","882.2","24"," 10.0","24","  5.4","24"," 12.8","999.9","  42.1"," ","  21.0"," "," 0.00","I","999.9","000000"
"72572024127","2006-01-10","40.7781","-111.9694","1287.8","SALT LAKE CITY INTERNATIONAL AIRPORT, UT US","  31.0","24","  19.8","24","1027.7","24","878.9","24"," 10.0","24","  5.6","24"," 13.8","999.9","  43.0"," ","  21.0"," "," 0.00","G","999.9","000000"
"72572024127","2006-01-11","40.7781","-111.9694","1287.8","SALT LAKE CITY INTERNATIONAL AIRPORT, UT US","  38.5","24","  22.1","24","1015.4","24","869.5","24"," 10.0","24","  8.5","24"," 19.8"," 30.7","  53.1"," ","  23.0"," "," 0.00","G","999.9","010000"
"72572024127","2006-01-12","40.7781","-111.9694","1287.8","SALT LAKE CITY INTERNATIONAL AIRPORT, UT US","  33.3","24","  25.5","24","1020.8","20","872.5","24","  8.9","24","  5.4","24"," 15.9"," 20.0","  53.1"," ","  25.0"," "," 0.15","G","999.9","011000"
"72572024127","2006-01-13","40.7781","-111.9694","1287.8","SALT LAKE CITY INTERNATIONAL AIRPORT, UT US","  33.9","24","  19.2","24","1026.2","24","878.2","24"," 10.0","24","  6.9","24"," 13.0","999.9","  48.0"," ","  25.0"," "," 0.00","G","999.9","000000"
"72572024127","2006-01-14","40.7781","-111.9694","1287.8","SALT LAKE CITY INTERNATIONAL AIRPORT, UT US","  42.7","24","  22.3","24","1013.6","24","868.3","24"," 10.0","24"," 11.1","24"," 22.0"," 29.7","  57.9"," ","  25.0"," "," 0.00","G","999.9","000000"
"72572024127","2006-01-15","40.7781","-111.9694","1287.8","SALT LAKE CITY INTERNATIONAL AIRPORT, UT US","  38.7","24","  28.4","24","1006.7","18","863.6","24","  7.4","24"," 10.7","24"," 19.8"," 23.7","  57.9"," ","  30.0"," "," 0.08","G","  2.0","111000"
"72572024127","2006-01-16","40.7781","-111.9694","1287.8","SALT LAKE CITY INTERNATIONAL AIRPORT, UT US","  26.1","24","  19.0","24","1024.6","24","875.9","24","  9.5","24","  5.0","24"," 12.0","999.9","  39.9"," ","  19.0"," "," 0.09","G","  1.2","001000"
"72572024127","2006-01-17","40.7781","-111.9694","1287.8","SALT LAKE CITY INTERNATIONAL AIRPORT, UT US","  28.8","24","  17.3","24","1029.9","24","880.3","24"," 10.0","24","  8.6","24"," 15.0"," 19.8","  37.9"," ","  17.1"," "," 0.00","G","  1.2","000000"
"72572024127","2006-01-18","40.7781","-111.9694","1287.8","SALT LAKE CITY INTERNATIONAL AIRPORT, UT US","  37.0","24","  28.2","24","1013.1","22","867.5","24","  8.7","24","  8.3","24"," 21.8"," 30.7","  45.0","*","  33.1","*"," 0.00","G","  2.0","111000"
"72572024127","2006-01-19","40.7781","-111.9694","1287.8","SALT LAKE CITY INTERNATIONAL AIRPORT, UT US","  32.7","24","  29.4","24","1013.1","17","866.1","24","  6.7","24","  5.7","24"," 15.0","999.9","  45.0"," ","  30.0"," "," 0.30","G","  2.0","001000"
"72572024127","2006-01-20","40.7781","-111.9694","1287.8","SALT LAKE CITY INTERNATIONAL AIRPORT, UT US","  29.9","24","  22.8","24","1023.4","24","875.3","24"," 10.0","24","  6.6","24"," 12.0","999.9","  35.1"," ","  24.1"," "," 0.06","G","  1.2","001000"
"72572024127","2006-01-21","40.7781","-111.9694","1287.8","SALT LAKE CITY INTERNATIONAL AIRPORT, UT US","  31.4","24","  19.8","24","1023.2","24","875.2","24","  9.7","24","  7.8","24"," 13.0","999.9","  36.0"," ","  24.1"," "," 0.00","G","  1.2","001000"
"72572024127","2006-01-22","40.7781","-111.9694","1287.8","SALT LAKE CITY INTERNATIONAL AIRPORT, UT US","  30.8","24","  22.2","24","1028.5","24","879.9","24"," 10.0","24","  3.8","24","  9.9","999.9","  36.0"," ","  24.1"," "," 0.00","G","  1.2","000000"
"72572024127","2006-01-23","40.7781","-111.9694","1287.8","SALT LAKE CITY INTERNATIONAL AIRPORT, UT US","  26.6","24","  17.9","24","1034.4","24","884.2","24"," 10.0","24","  5.1","24","  8.9","999.9","  35.1"," ","  21.0"," "," 0.00","G","999.9","000000"
"72572024127","2006-01-24","40.7781","-111.9694","1287.8","SALT LAKE CITY INTERNATIONAL AIRPORT, UT US","  26.3","24","  19.8","24","1034.9","24","884.5","24","  8.6","24","  5.4","24","  8.9","999.9","  35.1"," ","  19.9"," "," 0.00","G","999.9","000000"
"72572024127","2006-01-25","40.7781","-111.9694","1287.8","SALT LAKE CITY INTERNATIONAL AIRPORT, UT US","  25.6","24","  20.7","24","1027.0","24","877.9","24","  5.4","24","  3.2","24","  8.9","999.9","  32.0","*","  19.4","*"," 0.00","G","999.9","000000"
"72572024127","2006-01-26","40.7781","-111.9694","1287.8","SALT LAKE CITY INTERNATIONAL AIRPORT, UT US","  32.5","24","  27.4","24","1018.2","24","870.9","24","  4.3","24","  5.7","24"," 11.8","999.9","  43.0"," ","  19.9"," "," 0.00","G","999.9","000000"
"72572024127","2006-01-27","40.7781","-111.9694","1287.8","SALT LAKE CITY INTERNATIONAL AIRPORT, UT US","  33.3","24","  29.2","24","1016.6","19","870.2","24","  5.5","24","  5.8","24"," 13.0","999.9","  43.0"," ","  28.9"," "," 0.00","G","999.9","101000"
"72572024127","2006-01-28","40.7781","-111.9694","1287.8","SALT LAKE CITY INTERNATIONAL AIRPORT, UT US","  29.8","24","  24.7","24","1021.7","23","873.8","24","  9.5","24","  4.8","24"," 22.7"," 27.8","  39.0"," ","  23.0"," "," 0.15","G","999.9","001000"
"72572024127","2006-01-29","40.7781","-111.9694","1287.8","SALT LAKE CITY INTERNATIONAL AIRPORT, UT US","  34.6","24","  29.1","24","1019.4","23","872.2","24","  9.5","24","  7.1","24"," 18.8"," 25.8","  41.0"," ","  23.0"," "," 0.05","G","999.9","001000"
"72572024127","2006-01-30","40.7781","-111.9694","1287.8","SALT LAKE CITY INTERNATIONAL AIRPORT, UT US","  38.0","24","  26.6","24","1020.7","24","874.1","24"," 10.0","24","  8.1","24"," 15.0","999.9","  46.9"," ","  30.0"," "," 0.00","G","999.9","000000"
"72572024127","2006-01-31","40.7781","-111.9694","1287.8","SALT LAKE CITY INTERNATIONAL AIRPORT, UT US","  38.0","24","  31.5","24","1014.2","19","868.5","24","  8.0","24","  6.3","24"," 13.8"," 20.8","  46.9"," ","  32.0"," "," 0.34","G","  1.2","011000"
"72572024127","2006-02-01","40.7781","-111.9694","1287.8","SALT LAKE CITY INTERNATIONAL AIRPORT, UT US","  37.6","24","  30.0","24","1015.9","22","869.9","24","  9.5","24","  8.6","24"," 17.9"," 22.7","  44.1"," ","  32.0"," "," 0.32","G","  1.2","011000"
"72572024127","2006-02-02","40.7781","-111.9694","1287.8","SALT LAKE CITY INTERNATIONAL AIRPORT, UT US","  36.8","24","  33.6","24","1014.3","17","868.4","24","  7.8","24","  4.7","24"," 11.8","999.9","  44.1"," ","  33.1"," "," 0.47","G","999.9","011000"
"72572024127","2006-02-03","40.7781","-111.9694","1287.8","SALT LAKE CITY INTERNATIONAL AIRPORT, UT US","  39.4","24","  29.5","24","1021.0","24","874.5","24"," 10.0","24","  5.2","24","  9.9","999.9","  48.9"," ","  32.0"," "," 0.03","G","999.9","000000"
"72572024127","2006-02-04","40.7781","-111.9694","1287.8","SALT LAKE CITY INTERNATIONAL AIRPORT, UT US","  41.0","24","  25.6","24","1019.3","24","873.2","24"," 10.0","24"," 11.4","24"," 21.8"," 25.8","  55.9"," ","  32.0"," "," 0.00","G","999.9","000000"
"72572024127","2006-02-05","40.7781","-111.9694","1287.8","SALT LAKE CITY INTERNATIONAL AIRPORT, UT US","  35.0","24","  24.0","24","1021.4","22","873.7","24","  9.4","24","  8.8","24"," 29.7"," 38.7","  55.9"," ","  26.1"," "," 0.08","G","999.9","011000"
"72572024127","2006-02-06","40.7781","-111.9694","1287.8","SALT LAKE CITY INTERNATIONAL AIRPORT, UT US","  29.7","24","  17.0","24","1033.2","24","883.7","24"," 10.0","24","  5.5","24","  9.9","999.9","  42.1"," ","  21.9"," "," 0.00","G","999.9","000000"
"72572024127","2006-02-07","40.7781","-111.9694","1287.8","SALT LAKE CITY INTERNATIONAL AIRPORT, UT US","  31.5","24","  20.9","24","1033.1","24","883.7","24"," 10.0","24","  4.8","24","  8.0","999.9","  44.1"," ","  21.9"," "," 0.00","G","999.9","000000"
"72572024127","2006-02-08","40.7781","-111.9694","1287.8","SALT LAKE CITY INTERNATIONAL AIRPORT, UT US","  32.8","24","  23.6","24","1032.1","24","883.2","24","  9.8","24","  3.9","24","  7.0","999.9","  46.0"," ","  19.0"," "," 0.00","G","999.9","000000"
"72572024127","2006-02-09","40.7781","-111.9694","1287.8","SALT LAKE CITY INTERNATIONAL AIRPORT, UT US","  34.4","24","  26.1","24","1027.1","24","879.2","24","  8.8","24","  4.5","24","  9.9","999.9","  46.0"," ","  24.1"," "," 0.00","G","999.9","000000"
"72572024127","2006-02-10","40.7781","-111.9694","1287.8","SALT LAKE CITY INTERNATIONAL AIRPORT, UT US","  31.2","24","  21.4","24","1029.1","23","880.9","24","  9.7","24","  6.4","24"," 12.8"," 18.1","  46.0"," ","  24.1"," "," 0.00","G","999.9","000000"
"72572024127","2006-02-11","40.7781","-111.9694","1287.8","SALT LAKE CITY INTERNATIONAL AIRPORT, UT US","  26.2","24","  12.2","24","1038.2","24","887.4","24"," 10.0","24","  4.2","24"," 13.0","999.9","  37.0"," ","  17.1"," "," 0.00","G","999.9","000000"
"72572024127","2006-02-12","40.7781","-111.9694","1287.8","SALT LAKE CITY INTERNATIONAL AIRPORT, UT US","  27.9","24","  15.9","24","1037.8","24","887.1","24"," 10.0","24","  3.9","24","  9.9","999.9","  41.0"," ","  17.1"," "," 0.00","G","999.9","000000"
"72572024127","2006-02-13","40.7781","-111.9694","1287.8","SALT LAKE CITY INTERNATIONAL AIRPORT, UT US","  30.6","24","  19.0","24","1032.0","24","882.6","24","  9.9","24","  3.2","24","  7.0","999.9","  45.0"," ","  19.0"," "," 0.00","G","999.9","000000"
"72572024127","2006-02-14","40.7781","-111.9694","1287.8","SALT LAKE CITY INTERNATIONAL AIRPORT, UT US","  33.1","24","  23.4","24","1017.3","24","870.6","24","  9.9","24","  5.2","24","  9.9","999.9","  45.0"," ","  21.9"," "," 0.00","G","999.9","000000"
"72572024127","2006-02-15","40.7781","-111.9694","1287.8","SALT LAKE CITY INTERNATIONAL AIRPORT, UT US","  29.9","24","  24.7","24","1005.7","14","859.8","24","  5.4","24","  8.2","24"," 15.9","999.9","  42.1"," ","  23.0"," "," 0.00","G","  3.1","101000"
"72572024127","2006-02-16","40.7781","-111.9694","1287.8","SALT LAKE CITY INTERNATIONAL AIRPORT, UT US","  21.7","24","  16.3","24","1020.2","15","870.0","24","  5.2","24","  3.6","24"," 13.0","999.9","  32.0"," ","  14.0"," "," 0.45","G","  7.9","101000"
"72572024127","2006-02-17","40.7781","-111.9694","1287.8","SALT LAKE CITY INTERNATIONAL AIRPORT, UT US","  17.8","24","  10.8","24","1020.5","24","870.7","24"," 10.0","24","  5.0","24","  9.9","999.9","  30.0"," ","   7.0"," "," 0.01","G","  3.9","000000"
"72572024127","2006-02-18","40.7781","-111.9694","1287.8","SALT LAKE CITY INTERNATIONAL AIRPORT, UT US","  18.8","24","  10.7","24","1018.6","22","869.1","24","  9.6","24","  4.3","24","  8.9","999.9","  28.0"," ","   5.0"," "," 0.00","G","  3.9","001000"
"72572024127","2006-02-19","40.7781","-111.9694","1287.8","SALT LAKE CITY INTERNATIONAL AIRPORT, UT US","  23.4","24","  19.3","24","1019.3","14","870.6","24","  3.5","24","  3.0","24","  8.0","999.9","  28.9"," ","   5.0"," "," 0.04","G","  3.9","101000"
"72572024127","2006-02-20","40.7781","-111.9694","1287.8","SALT LAKE CITY INTERNATIONAL AIRPORT, UT US","  20.5","24","  15.8","24","1024.6","24","874.7","24","  6.7","24","  3.4","24","  8.0","999.9","  28.9"," ","  10.0"," "," 0.06","G","  3.1","001000"
"72572024127","2006-02-21","40.7781","-111.9694","1287.8","SALT LAKE CITY INTERNATIONAL AIRPORT, UT US","  21.7","24","  13.1","24","1023.8","24","874.0","24","  9.7","24","  6.3","24"," 10.9","999.9","  34.0"," ","  10.0"," "," 0.00","G","  3.1","000000"
"72572024127","2006-02-22","40.7781","-111.9694","1287.8","SALT LAKE CITY INTERNATIONAL AIRPORT, UT US","  32.7","24","  18.8","24","1021.8","24","874.0","24","  9.9","24","  4.6","24"," 11.8","999.9","  43.0","*","  28.9","*"," 0.00","G","  2.0","000000"
"72572024127","2006-02-23","40.7781","-111.9694","1287.8","SALT LAKE CITY INTERNATIONAL AIRPORT, UT US","  39.4","24","  22.8","24","1022.7","24","876.0","24"," 10.0","24","  7.2","24","  9.9","999.9","  50.0"," ","  28.2"," "," 0.00","G","  1.2","000000"
"72572024127","2006-02-24","40.7781","-111.9694","1287.8","SALT LAKE CITY INTERNATIONAL AIRPORT, UT US","  39.1","24","  23.4","24","1019.9","24","873.6","24"," 10.0","24","  7.2","24"," 11.8","999.9","  53.1"," ","  30.0"," "," 0.00","G","  2.0","000000"
"72572024127","2006-02-25","40.7781","-111.9694","1287.8","SALT LAKE CITY INTERNATIONAL AIRPORT, UT US","  40.4","24","  25.0","24","1021.9","24","875.5","24"," 10.0","24","  6.1","24","  8.9","999.9","  55.9"," ","  30.0"," "," 0.00","G","999.9","000000"
"72572024127","2006-02-26","40.7781","-111.9694","1287.8","SALT LAKE CITY INTERNATIONAL AIRPORT, UT US","  44.9","24","  23.9","24","1021.2","24","875.0","24"," 10.0","24","  6.9","24"," 16.9","999.9","  64.0"," ","  30.2"," "," 0.00","G","999.9","000000"
"72572024127","2006-02-27","40.7781","-111.9694","1287.8","SALT LAKE CITY INTERNATIONAL AIRPORT, UT US","  56.3","24","  16.0","24","1011.6","24","868.5","24"," 10.0","24"," 12.8","24"," 23.7"," 29.7","  66.9"," ","  33.1"," "," 0.00","G","999.9","000000"
"72572024127","2006-02-28","40.7781","-111.9694","1287.8","SALT LAKE CITY INTERNATIONAL AIRPORT, UT US","  58.4","24","  31.8","24","1005.9","24","864.2","24","  9.7","24"," 20.5","24"," 29.9"," 42.5","  66.9"," ","  42.1"," "," 0.00","G","999.9","010010"
"72572024127","2006-03-01","40.7781","-111.9694","1287.8","SALT LAKE CITY INTERNATIONAL AIRPORT, UT US","  39.8","24","  29.4","24","1018.6","24","873.0","24","  9.5","24","  6.7","24"," 30.7"," 39.6","  63.0"," ","  30.9"," "," 0.14","G","999.9","011010"
"72572024127","2006-03-02","40.7781","-111.9694","1287.8","SALT LAKE CITY INTERNATIONAL AIRPORT, UT US","  43.6","24","  24.8","24","1015.8","24","870.6","24"," 10.0","24","  8.2","24"," 20.0"," 26.8","  62.1"," ","  30.0"," "," 0.00","G","999.9","000000"
"72572024127","2006-03-03","40.7781","-111.9694","1287.8","SALT LAKE CITY INTERNATIONAL AIRPORT, UT US","  51.1","24","  21.2","24","1007.0","24","864.1","24"," 10.0","24"," 11.0","24"," 21.8"," 31.7","  64.9"," ","  32.0"," "," 0.00","G","999.9","000000"
"72572024127","2006-03-04","40.7781","-111.9694","1287.8","SALT LAKE CITY INTERNATIONAL AIRPORT, UT US","  42.8","24","  22.1","24","1011.9","23","867.8","24","  9.5","24","  9.7","24"," 28.7"," 33.6","  64.9"," ","  32.0"," "," 0.00","G","999.9","001000"
"72572024127","2006-03-05","40.7781","-111.9694","1287.8","SALT LAKE CITY INTERNATIONAL AIRPORT, UT US","  39.0","24","  22.1","24","1021.6","24","874.9","24"," 10.0","24","  6.3","24"," 12.0","999.9","  57.9"," ","  28.0"," "," 0.00","G","999.9","000000"
"72572024127","2006-03-06","40.7781","-111.9694","1287.8","SALT LAKE CITY INTERNATIONAL AIRPORT, UT US","  49.1","24","  24.5","24","1015.9","24","871.0","24"," 10.0","24"," 11.1","24"," 22.7"," 26.8","  59.0"," ","  29.1"," "," 0.00","G","999.9","000000"
"72572024127","2006-03-07","40.7781","-111.9694","1287.8","SALT LAKE CITY INTERNATIONAL AIRPORT, UT US","  43.5","24","  32.1","24","1013.5","23","869.4","24","  9.4","24","  7.5","24"," 19.8"," 24.9","  59.0"," ","  33.1"," "," 0.25","G","999.9","111000"
"72572024127","2006-03-08","40.7781","-111.9694","1287.8","SALT LAKE CITY INTERNATIONAL AIRPORT, UT US","  38.1","24","  30.0","24","1011.3","23","866.3","24","  9.8","24"," 10.7","24"," 18.8"," 22.7","  51.1"," ","  30.9"," "," 0.04","G","999.9","010010"
"72572024127","2006-03-09","40.7781","-111.9694","1287.8","SALT LAKE CITY INTERNATIONAL AIRPORT, UT US","  34.3","24","  23.2","24","1006.7","19","861.6","24","  7.8","24","  8.1","24"," 18.8"," 30.7","  45.0"," ","  28.0"," "," 0.04","G","  1.2","101000"
"72572024127","2006-03-10","40.7781","-111.9694","1287.8","SALT LAKE CITY INTERNATIONAL AIRPORT, UT US","  29.8","24","  11.9","24"," 999.8","24","855.1","24"," 10.0","24","  4.0","24","  7.0"," 18.1","  39.0"," ","  21.9"," "," 0.08","G","999.9","000000"
"72572024127","2006-03-11","40.7781","-111.9694","1287.8","SALT LAKE CITY INTERNATIONAL AIRPORT, UT US","  32.0","24","  12.2","24","1001.6","24","856.8","24"," 10.0","24","  6.3","24"," 15.0","999.9","  39.9"," ","  24.1"," "," 0.00","G","999.9","000000"
"72572024127","2006-03-12","40.7781","-111.9694","1287.8","SALT LAKE CITY INTERNATIONAL AIRPORT, UT US","  31.6","24","  25.5","24","1004.6","20","859.5","24","  7.4","24","  5.2","24"," 12.8","999.9","  39.9"," ","  28.0"," "," 0.01","G","  2.0","101000"
"72572024127","2006-03-13","40.7781","-111.9694","1287.8","SALT LAKE CITY INTERNATIONAL AIRPORT, UT US","  31.4","24","  23.2","24","1018.4","22","871.0","24","  8.4","24","  6.3","24"," 13.0","999.9","  37.0"," ","  25.0"," "," 0.23","G","  1.2","001000"
"72572024127","2006-03-14","40.7781","-111.9694","1287.8","SALT LAKE CITY INTERNATIONAL AIRPORT, UT US","  35.8","24","  18.2","24","1017.7","24","871.0","24"," 10.0","24"," 13.5","24"," 21.8"," 29.7","  52.0"," ","  28.0"," "," 0.02","G","  2.0","000000"
"72572024127","2006-03-15","40.7781","-111.9694","1287.8","SALT LAKE CITY INTERNATIONAL AIRPORT, UT US","  39.0","24","  26.0","24","1011.4","20","866.4","24","  7.1","24"," 11.4","24"," 21.8"," 26.0","  52.0"," ","  28.2"," "," 0.07","G","  3.9","101000"
"72572024127","2006-03-16","40.7781","-111.9694","1287.8","SALT LAKE CITY INTERNATIONAL AIRPORT, UT US","  36.8","24","  20.9","24","1019.5","24","872.8","24"," 10.0","24","  7.9","24"," 12.8","999.9","  46.9","*","  30.0","*"," 0.32","G","  1.2","000000"
"72572024127","2006-03-17","40.7781","-111.9694","1287.8","SALT LAKE CITY INTERNATIONAL AIRPORT, UT US","  43.4","24","  32.1","24","1013.0","24","868.4","24"," 10.0","24","  7.2","24"," 14.0","999.9","  54.0"," ","  29.1"," "," 0.01","G","  1.2","010000"
"72572024127","2006-03-18","40.7781","-111.9694","1287.8","SALT LAKE CITY INTERNATIONAL AIRPORT, UT US","  42.4","24","  34.9","24","1005.3","24","861.9","24","  9.7","24","  7.4","24"," 19.0"," 24.9","  54.0"," ","  36.0"," "," 0.11","G","999.9","010000"
"72572024127","2006-03-19","40.7781","-111.9694","1287.8","SALT LAKE CITY INTERNATIONAL AIRPORT, UT US","  36.0","24","  33.7","24","1002.8","16","859.1","24","  6.0","24","  5.2","24"," 14.0","999.9","  50.0"," ","  33.1"," "," 0.07","G","  1.2","111000"
"72572024127","2006-03-20","40.7781","-111.9694","1287.8","SALT LAKE CITY INTERNATIONAL AIRPORT, UT US","  35.7","24","  31.5","24","1008.4","19","863.4","24","  6.3","24","  3.4","24"," 10.9","999.9","  46.0"," ","  32.0"," "," 0.39","G","999.9","111000"
"72572024127","2006-03-21","40.7781","-111.9694","1287.8","SALT LAKE CITY INTERNATIONAL AIRPORT, UT US","  40.2","24","  30.7","24","1007.7","23","863.4","24","  9.7","24","  9.2","24"," 13.8"," 18.8","  48.9"," ","  32.0"," "," 0.02","G","999.9","010000"
"72572024127","2006-03-22","40.7781","-111.9694","1287.8","SALT LAKE CITY INTERNATIONAL AIRPORT, UT US","  41.8","24","  31.5","24","1018.4","24","872.7","24"," 10.0","24","  6.4","24"," 12.8"," 15.9","  50.0"," ","  34.0"," "," 0.01","G","999.9","000000"
"72572024127","2006-03-23","40.7781","-111.9694","1287.8","SALT LAKE CITY INTERNATIONAL AIRPORT, UT US","  41.8","24","  26.3","24","1028.0","24","880.9","24"," 10.0","24","  5.3","24","  8.9","999.9","  55.0"," ","  30.9"," "," 0.00","G","999.9","000000"
"72572024127","2006-03-24","40.7781","-111.9694","1287.8","SALT LAKE CITY INTERNATIONAL AIRPORT, UT US","  46.7","24","  29.6","24","1022.0","24","876.2","24"," 10.0","24","  6.7","24"," 13.8"," 17.9","  63.0"," ","  31.1"," "," 0.00","G","999.9","000000"
"72572024127","2006-03-25","40.7781","-111.9694","1287.8","SALT LAKE CITY INTERNATIONAL AIRPORT, UT US","  54.2","24","  28.8","24","1010.3","24","867.2","24"," 10.0","24"," 11.6","24"," 24.9"," 36.7","  70.0"," ","  36.0"," "," 0.00","G","999.9","000000"
"72572024127","2006-03-26","40.7781","-111.9694","1287.8","SALT LAKE CITY INTERNATIONAL AIRPORT, UT US","  43.9","24","  28.3","24","1012.3","21","867.5","24","  8.1","24"," 13.5","24"," 35.7"," 43.5","  70.0"," ","  33.1"," "," 0.40","G","  1.2","011000"
"72572024127","2006-03-27","40.7781","-111.9694","1287.8","SALT LAKE CITY INTERNATIONAL AIRPORT, UT US","  40.9","24","  23.2","24","1019.9","24","873.7","24"," 10.0","24","  5.2","24","  9.9","999.9","  59.0"," ","  30.0"," "," 0.20","G","  1.2","000000"
"72572024127","2006-03-28","40.7781","-111.9694","1287.8","SALT LAKE CITY INTERNATIONAL AIRPORT, UT US","  50.0","24","  34.5","24","1010.1","24","866.6","24","  9.9","24","  9.8","24"," 16.9","999.9","  59.0"," ","  32.0"," "," 0.00","G","999.9","010000"
"72572024127","2006-03-29","40.7781","-111.9694","1287.8","SALT LAKE CITY INTERNATIONAL AIRPORT, UT US","  47.8","24","  38.5","24","1002.6","22","860.3","24","  9.5","24"," 15.3","24"," 22.0"," 28.7","  54.0"," ","  39.0"," "," 0.24","G","999.9","011000"
"72572024127","2006-03-30","40.7781","-111.9694","1287.8","SALT LAKE CITY INTERNATIONAL AIRPORT, UT US","  41.5","24","  31.5","24","1013.2","22","867.8","24","  9.5","24","  5.4","24"," 13.8","999.9","  54.0"," ","  35.1"," "," 0.35","G","999.9","011000"
"72572024127","2006-03-31","40.7781","-111.9694","1287.8","SALT LAKE CITY INTERNATIONAL AIRPORT, UT US","  46.9","24","  28.8","24","1012.8","24","868.3","24"," 10.0","24","  8.6","24"," 15.0","999.9","  60.1"," ","  35.1"," "," 0.00","G","999.9","000000"
"72572024127","2006-04-01","40.7781","-111.9694","1287.8","SALT LAKE CITY INTERNATIONAL AIRPORT, UT US","  47.1","24","  34.9","24","1011.0","24","867.3","24","  9.7","24"," 14.0","24"," 19.8"," 26.8","  60.1"," ","  37.9"," "," 0.00","G","999.9","010000"
"72572024127","2006-04-02","40.7781","-111.9694","1287.8","SALT LAKE CITY INTERNATIONAL AIRPORT, UT US","  40.4","24","  27.2","24","1020.1","24","874.1","24"," 10.0","24","  7.4","24"," 10.9"," 16.9","  59.0"," ","  28.0"," "," 0.04","G","999.9","000000"
"72572024127","2006-04-03","40.7781","-111.9694","1287.8","SALT LAKE CITY INTERNATIONAL AIRPORT, UT US","  55.3","24","  27.2","24","1016.6","24","872.4","24"," 10.0","24"," 11.5","24"," 17.9"," 23.7","  72.0"," ","  30.2"," "," 0.00","G","999.9","000000"
"72572024127","2006-04-04","40.7781","-111.9694","1287.8","SALT LAKE CITY INTERNATIONAL AIRPORT, UT US","  62.3","24","  33.3","24","1008.1","24","866.5","24"," 10.0","24"," 13.4","24"," 22.7"," 30.9","  72.0"," ","  43.0"," "," 0.00","G","999.9","000000"
"72572024127","2006-04-05","40.7781","-111.9694","1287.8","SALT LAKE CITY INTERNATIONAL AIRPORT, UT US","  54.8","24","  36.2","24"," 999.0","22","857.9","24","  9.7","24"," 11.1","24"," 30.9"," 35.7","  72.0"," ","  42.1"," "," 0.00","G","999.9","011010"
"72572024127","2006-04-06","40.7781","-111.9694","1287.8","SALT LAKE CITY INTERNATIONAL AIRPORT, UT US","  39.8","24","  32.4","24","1004.7","17","861.7","24","  7.5","24"," 10.7","24"," 23.7"," 29.7","  45.0","*","  33.1","*"," 0.14","G","999.9","011000"
"72572024127","2006-04-07","40.7781","-111.9694","1287.8","SALT LAKE CITY INTERNATIONAL AIRPORT, UT US","  43.8","24","  35.0","24","1017.5","23","871.8","24","  9.4","24","  6.5","24"," 11.1","999.9","  59.0"," ","  36.0"," "," 1.02","G","999.9","011000"
"72572024127","2006-04-08","40.7781","-111.9694","1287.8","SALT LAKE CITY INTERNATIONAL AIRPORT, UT US","  54.2","24","  32.8","24","1012.9","24","869.4","24"," 10.0","24","  9.9","24"," 21.8"," 25.8","  68.0"," ","  37.9"," "," 0.00","G","999.9","000000"
"72572024127","2006-04-09","40.7781","-111.9694","1287.8","SALT LAKE CITY INTERNATIONAL AIRPORT, UT US","  53.1","24","  36.5","24","1010.7","24","867.8","24"," 10.0","24","  6.5","24"," 15.0","999.9","  68.0"," ","  39.9"," "," 0.00","G","999.9","000000"
"72572024127","2006-04-10","40.7781","-111.9694","1287.8","SALT LAKE CITY INTERNATIONAL AIRPORT, UT US","  53.1","24","  39.0","22","1004.4","23","862.3","24","  9.8","24","  8.8","24"," 18.8"," 27.8","  64.0"," ","  39.9"," "," 0.00","G","999.9","010000"
"72572024127","2006-04-11","40.7781","-111.9694","1287.8","SALT LAKE CITY INTERNATIONAL AIRPORT, UT US","  49.8","24","  37.4","24","1009.5","23","866.0","24","  9.5","24","  8.4","24"," 18.8"," 23.7","  63.0"," ","  42.1"," "," 0.12","G","999.9","010000"
"72572024127","2006-04-12","40.7781","-111.9694","1287.8","SALT LAKE CITY INTERNATIONAL AIRPORT, UT US","  58.8","24","  29.8","24","1014.8","24","871.5","24"," 10.0","24"," 10.9","24"," 19.0"," 27.8","  73.0"," ","  43.0"," "," 0.04","G","999.9","010000"
"72572024127","2006-04-13","40.7781","-111.9694","1287.8","SALT LAKE CITY INTERNATIONAL AIRPORT, UT US","  62.6","24","  28.3","24","1014.5","24","872.0","24"," 10.0","24"," 10.3","24"," 20.8"," 24.9","  75.0","*","  52.0","*"," 0.00","G","999.9","000000"
"72572024127","2006-04-14","40.7781","-111.9694","1287.8","SALT LAKE CITY INTERNATIONAL AIRPORT, UT US","  60.7","24","  32.2","24","1008.1","24","866.5","24"," 10.0","24","  9.1","24"," 21.0"," 25.1","  75.0"," ","  50.0"," "," 0.00","G","999.9","000000"
"72572024127","2006-04-15","40.7781","-111.9694","1287.8","SALT LAKE CITY INTERNATIONAL AIRPORT, UT US","  53.1","24","  45.1","24","1003.6","18","861.0","24","  8.4","24","  8.4","24"," 17.9"," 24.9","  64.0","*","  46.4","*"," 0.98","G","999.9","010000"
"72572024127","2006-04-16","40.7781","-111.9694","1287.8","SALT LAKE CITY INTERNATIONAL AIRPORT, UT US","  59.8","24","  36.3","24","1004.4","24","862.9","24"," 10.0","24"," 16.9","24"," 28.7"," 39.6","  71.1"," ","  46.9"," "," 0.02","G","999.9","000000"
"72572024127","2006-04-17","40.7781","-111.9694","1287.8","SALT LAKE CITY INTERNATIONAL AIRPORT, UT US","  48.7","24","  29.8","24","1002.0","17","861.8","24","  8.0","24"," 15.4","24"," 27.0"," 40.0","  71.1"," ","  33.1"," "," 0.00","G","  1.2","111000"
"72572024127","2006-04-18","40.7781","-111.9694","1287.8","SALT LAKE CITY INTERNATIONAL AIRPORT, UT US","  37.9","24","  27.7","24","1023.4","20","876.1","24","  8.1","24","  8.4","24"," 21.8","999.9","  60.1"," ","  30.9"," "," 0.47","G","  1.2","011000"
"72572024127","2006-04-19","40.7781","-111.9694","1287.8","SALT LAKE CITY INTERNATIONAL AIRPORT, UT US","  40.2","24","  22.9","24","1023.6","24","876.8","24"," 10.0","24","  5.3","24","  9.9","999.9","  53.1"," ","  30.9"," "," 0.02","G","999.9","000000"
"72572024127","2006-04-20","40.7781","-111.9694","1287.8","SALT LAKE CITY INTERNATIONAL AIRPORT, UT US","  44.9","24","  27.3","24","1019.0","24","873.4","24"," 10.0","24","  4.7","24","  8.0","999.9","  59.0"," ","  31.1"," "," 0.00","G","999.9","000000"
"72572024127","2006-04-21","40.7781","-111.9694","1287.8","SALT LAKE CITY INTERNATIONAL AIRPORT, UT US","  52.8","24","  33.0","24","1013.9","24","870.0","24"," 10.0","24","  6.2","24"," 11.8","999.9","  69.1"," ","  34.0"," "," 0.00","G","999.9","000000"
"72572024127","2006-04-22","40.7781","-111.9694","1287.8","SALT LAKE CITY INTERNATIONAL AIRPORT, UT US","  61.7","24","  32.7","24","1006.4","24","864.7","24"," 10.0","24","  9.9","24"," 16.9"," 20.8","  80.1"," ","  39.0"," "," 0.00","G","999.9","000000"
"72572024127","2006-04-23","40.7781","-111.9694","1287.8","SALT LAKE CITY INTERNATIONAL AIRPORT, UT US","  59.8","24","  36.3","24","1004.2","24","863.2","24"," 10.0","24","  6.8","24"," 16.9"," 22.7","  80.1"," ","  48.0"," "," 0.00","G","999.9","010010"
"72572024127","2006-04-24","40.7781","-111.9694","1287.8","SALT LAKE CITY INTERNATIONAL AIRPORT, UT US","  51.0","24","  36.7","24","1010.5","23","867.6","24","  9.8","24","  8.1","24"," 16.9","999.9","  59.0","*","  42.8","*"," 0.00","G","999.9","010000"
"72572024127","2006-04-25","40.7781","-111.9694","1287.8","SALT LAKE CITY INTERNATIONAL AIRPORT, UT US","  53.3","24","  39.0","24","1015.2","24","871.3","24"," 10.0","24","  5.0","24"," 15.0","999.9","  62.1"," ","  46.0"," "," 0.11","G","999.9","010000"
"72572024127","2006-04-26","40.7781","-111.9694","1287.8","SALT LAKE CITY INTERNATIONAL AIRPORT, UT US","  53.5","24","  34.4","24","1013.8","24","870.3","24"," 10.0","24","  4.7","24","  9.9","999.9","  68.0"," ","  41.0"," "," 0.00","G","999.9","000000"
"72572024127","2006-04-27","40.7781","-111.9694","1287.8","SALT LAKE CITY INTERNATIONAL AIRPORT, UT US","  57.9","24","  36.8","24","1012.7","24","869.9","24"," 10.0","24","  6.4","24"," 15.0"," 20.8","  69.1"," ","  41.0"," "," 0.00","G","999.9","000000"
"72572024127","2006-04-28","40.7781","-111.9694","1287.8","SALT LAKE CITY INTERNATIONAL AIRPORT, UT US","  59.2","24","  37.4","24","1013.3","24","870.6","24"," 10.0","24"," 10.3","24"," 20.0"," 22.7","  69.1"," ","  44.1"," "," 0.01","G","999.9","000000"
"72572024127","2006-04-29","40.7781","-111.9694","1287.8","SALT LAKE CITY INTERNATIONAL AIRPORT, UT US","  58.3","24","  34.1","24","1015.8","24","872.7","24"," 10.0","24","  6.8","24"," 18.1","999.9","  70.0"," ","  44.1"," "," 0.00","G","999.9","000000"
"72572024127","2006-04-30","40.7781","-111.9694","1287.8","SALT LAKE CITY INTERNATIONAL AIRPORT, UT US","  59.8","24","  38.5","24","1012.8","24","870.3","24"," 10.0","24","  5.6","24"," 13.8"," 18.8","  70.0"," ","  44.1"," "," 0.00","G","999.9","010000"
"72572024127","2006-05-01","40.7781","-111.9694","1287.8","SALT LAKE CITY INTERNATIONAL AIRPORT, UT US","  57.6","24","  31.3","24","1014.4","24","871.4","24"," 10.0","24","  6.5","24"," 11.8","999.9","  70.0"," ","  42.1"," "," 0.12","G","999.9","000000"
"72572024127","2006-05-02","40.7781","-111.9694","1287.8","SALT LAKE CITY INTERNATIONAL AIRPORT, UT US","  57.6","24","  29.1","24","1013.1","24","870.3","24"," 10.0","24","  8.2","24"," 13.0","999.9","  70.0"," ","  42.1"," "," 0.00","G","999.9","000000"
"72572024127","2006-05-03","40.7781","-111.9694","1287.8","SALT LAKE CITY INTERNATIONAL AIRPORT, UT US","  53.9","24","  33.2","24","1013.3","24","870.2","24"," 10.0","24","  6.2","24"," 15.0","999.9","  64.9"," ","  45.0"," "," 0.00","G","999.9","000000"
"72572024127","2006-05-04","40.7781","-111.9694","1287.8","SALT LAKE CITY INTERNATIONAL AIRPORT, UT US","  55.0","24","  43.9","24","1010.7","24","867.9","24","  9.8","24","  6.2","24"," 15.0","999.9","  64.9"," ","  46.0"," "," 0.13","G","999.9","010000"
"72572024127","2006-05-05","40.7781","-111.9694","1287.8","SALT LAKE CITY INTERNATIONAL AIRPORT, UT US","  52.2","24","  42.0","24","1011.9","24","868.6","24","  9.7","24","  5.4","24"," 14.0","999.9","  64.0"," ","  45.0"," "," 0.18","G","999.9","010000"
"72572024127","2006-05-06","40.7781","-111.9694","1287.8","SALT LAKE CITY INTERNATIONAL AIRPORT, UT US","  56.2","24","  40.4","24","1012.8","24","869.7","24"," 10.0","24","  8.1","24"," 19.0"," 24.9","  68.0"," ","  45.0"," "," 0.01","G","999.9","000000"
"72572024127","2006-05-07","40.7781","-111.9694","1287.8","SALT LAKE CITY INTERNATIONAL AIRPORT, UT US","  60.2","24","  37.1","24","1010.4","24","868.3","24"," 10.0","24","  7.2","24"," 14.0"," 19.8","  72.0"," ","  48.0"," "," 0.00","G","999.9","010000"
"72572024127","2006-05-08","40.7781","-111.9694","1287.8","SALT LAKE CITY INTERNATIONAL AIRPORT, UT US","  56.5","24","  42.1","24","1011.1","24","868.8","24","  9.5","24","  6.7","24"," 18.8"," 28.7","  72.0"," ","  46.9"," "," 0.00","G","999.9","010000"
"72572024127","2006-05-09","40.7781","-111.9694","1287.8","SALT LAKE CITY INTERNATIONAL AIRPORT, UT US","  52.2","24","  30.6","24","1015.3","24","871.6","24"," 10.0","24","  8.0","24"," 12.8"," 15.9","  63.0"," ","  41.0"," "," 0.12","G","999.9","000000"
"72572024127","2006-05-10","40.7781","-111.9694","1287.8","SALT LAKE CITY INTERNATIONAL AIRPORT, UT US","  51.6","24","  23.6","24","1021.3","24","876.5","24"," 10.0","24","  4.7","24","  9.9"," 18.1","  63.0"," ","  39.0"," "," 0.00","G","999.9","000000"
"72572024127","2006-05-11","40.7781","-111.9694","1287.8","SALT LAKE CITY INTERNATIONAL AIRPORT, UT US","  55.6","24","  26.0","24","1020.1","24","875.7","24"," 10.0","24","  6.5","24","  9.9","999.9","  75.0"," ","  39.9"," "," 0.00","G","999.9","000000"
"72572024127","2006-05-12","40.7781","-111.9694","1287.8","SALT LAKE CITY INTERNATIONAL AIRPORT, UT US","  66.8","24","  32.9","24","1010.8","24","869.1","24"," 10.0","24","  6.5","24"," 11.8"," 15.9","  81.0"," ","  39.9"," "," 0.00","G","999.9","000000"
"72572024127","2006-05-13","40.7781","-111.9694","1287.8","SALT LAKE CITY INTERNATIONAL AIRPORT, UT US","  66.7","24","  41.4","24","1011.3","24","869.9","24"," 10.0","24","  5.0","24"," 12.0","999.9","  82.9"," ","  51.1"," "," 0.00","G","999.9","000000"
"72572024127","2006-05-14","40.7781","-111.9694","1287.8","SALT LAKE CITY INTERNATIONAL AIRPORT, UT US","  71.4","24","  41.1","24","1014.0","24","872.5","24"," 10.0","24","  5.8","24"," 13.8","999.9","  86.0"," ","  52.0"," "," 0.00","G","999.9","000000"
"72572024127","2006-05-15","40.7781","-111.9694","1287.8","SALT LAKE CITY INTERNATIONAL AIRPORT, UT US","  75.7","24","  33.6","24","1015.5","24","874.4","24"," 10.0","24","  8.5","24"," 14.0"," 15.0","  88.0"," ","  62.1"," "," 0.00","G","999.9","000000"
"72572024127","2006-05-16","40.7781","-111.9694","1287.8","SALT LAKE CITY INTERNATIONAL AIRPORT, UT US","  74.5","24","  34.1","24","1015.2","24","874.0","24"," 10.0","24","  6.8","24","  9.9"," 13.8","  90.0"," ","  55.9"," "," 0.00","G","999.9","000000"
"72572024127","2006-05-17","40.7781","-111.9694","1287.8","SALT LAKE CITY INTERNATIONAL AIRPORT, UT US","  74.0","24","  38.3","24","1013.2","24","872.3","24"," 10.0","24","  6.5","24","  9.9","999.9","  90.0"," ","  55.9"," "," 0.00","G","999.9","000000"
"72572024127","2006-05-18","40.7781","-111.9694","1287.8","SALT LAKE CITY INTERNATIONAL AIRPORT, UT US","  74.7","24","  39.5","24","1010.9","24","870.4","24"," 10.0","24","  6.1","24"," 10.9","999.9","  91.9"," ","  57.9"," "," 0.00","G","999.9","000000"
"72572024127","2006-05-19","40.7781","-111.9694","1287.8","SALT LAKE CITY INTERNATIONAL AIRPORT, UT US","  76.8","24","  45.1","24","1009.9","24","869.8","24"," 10.0","24","  6.3","24","999.9"," 61.4","  91.9"," ","  57.9"," "," 0.00","G","999.9","010010"
"72572024127","2006-05-20","40.7781","-111.9694","1287.8","SALT LAKE CITY INTERNATIONAL AIRPORT, UT US","  76.5","24","  40.3","24","1007.5","23","867.5","24"," 10.0","24"," 13.2","24"," 20.0"," 20.8","  89.1"," ","  64.9"," "," 0.00","G","999.9","010000"
"72572024127","2006-05-21","40.7781","-111.9694","1287.8","SALT LAKE CITY INTERNATIONAL AIRPORT, UT US","  77.3","24","  33.1","24","1005.7","24","866.3","24"," 10.0","24"," 10.7","24"," 16.9"," 24.9","  88.0"," ","  63.0"," "," 0.00","G","999.9","010000"
"72572024127","2006-05-22","40.7781","-111.9694","1287.8","SALT LAKE CITY INTERNATIONAL AIRPORT, UT US","  74.9","24","  34.7","24","1000.3","23","861.4","24"," 10.0","24","  8.8","24"," 15.0"," 19.8","  87.1"," ","  66.9"," "," 0.00","G","999.9","000000"
"72572024127","2006-05-23","40.7781","-111.9694","1287.8","SALT LAKE CITY INTERNATIONAL AIRPORT, UT US","  66.1","24","  37.6","24","1011.2","24","870.0","24"," 10.0","24","  9.5","24"," 20.8"," 24.9","  79.0"," ","  57.9"," "," 0.00","G","999.9","010000"
"72572024127","2006-05-24","40.7781","-111.9694","1287.8","SALT LAKE CITY INTERNATIONAL AIRPORT, UT US","  67.9","24","  35.0","24","1016.7","24","874.4","24"," 10.0","24","  6.0","24","  9.9","999.9","  84.9"," ","  51.1"," "," 0.00","G","999.9","000000"
"72572024127","2006-05-25","40.7781","-111.9694","1287.8","SALT LAKE CITY INTERNATIONAL AIRPORT, UT US","  72.6","24","  39.6","24","1009.2","24","868.6","24"," 10.0","24","  6.5","24","  9.9","999.9","  87.1"," ","  51.1"," "," 0.00","G","999.9","000000"
"72572024127","2006-05-26","40.7781","-111.9694","1287.8","SALT LAKE CITY INTERNATIONAL AIRPORT, UT US","  73.2","24","  37.3","24"," 999.2","24","860.2","24"," 10.0","24","  7.0","24"," 23.7"," 31.7","  88.0"," ","  57.0"," "," 0.00","G","999.9","000000"
"72572024127","2006-05-27","40.7781","-111.9694","1287.8","SALT LAKE CITY INTERNATIONAL AIRPORT, UT US","  59.7","24","  40.4","24"," 994.2","22","854.9","24"," 10.0","24"," 11.6","24"," 23.9"," 32.1","  88.0"," ","  45.0"," "," 0.00","G","999.9","010000"
"72572024127","2006-05-28","40.7781","-111.9694","1287.8","SALT LAKE CITY INTERNATIONAL AIRPORT, UT US","  44.5","24","  37.5","24","1011.0","23","866.7","24","  9.6","24","  8.7","24"," 19.8"," 22.7","  52.0","*","  39.2","*"," 0.20","G","999.9","010000"
"72572024127","2006-05-29","40.7781","-111.9694","1287.8","SALT LAKE CITY INTERNATIONAL AIRPORT, UT US","  50.7","24","  34.1","24","1019.1","24","874.2","24"," 10.0","24","  7.4","24"," 16.9"," 18.8","  64.9"," ","  39.9"," "," 0.15","G","999.9","010000"
"72572024127","2006-05-30","40.7781","-111.9694","1287.8","SALT LAKE CITY INTERNATIONAL AIRPORT, UT US","  57.8","24","  33.0","24","1020.0","24","876.1","24"," 10.0","24","  6.4","24"," 12.0","999.9","  69.1"," ","  39.9"," "," 0.00","G","999.9","000000"
"72572024127","2006-05-31","40.7781","-111.9694","1287.8","SALT LAKE CITY INTERNATIONAL AIRPORT, UT US","  60.5","24","  29.5","24","1020.8","24","877.0","24"," 10.0","24","  4.5","24","  8.9","999.9","  77.0"," ","  45.0"," "," 0.00","G","999.9","000000"
"72572024127","2006-06-01","40.7781","-111.9694","1287.8","SALT LAKE CITY INTERNATIONAL AIRPORT, UT US","  67.9","24","  36.5","24","1017.4","24","874.9","24"," 10.0","24","  5.8","24","  8.9","999.9","  87.1"," ","  45.0"," "," 0.00","G","999.9","000000"
"72572024127","2006-06-02","40.7781","-111.9694","1287.8","SALT LAKE CITY INTERNATIONAL AIRPORT, UT US","  75.9","24","  36.3","24","1012.1","24","871.3","24"," 10.0","24","  9.1","24"," 15.9","999.9","  91.0"," ","  51.1"," "," 0.00","G","999.9","000000"
"72572024127","2006-06-03","40.7781","-111.9694","1287.8","SALT LAKE CITY INTERNATIONAL AIRPORT, UT US","  71.6","24","  45.1","24","1012.2","24","871.4","24"," 10.0","24","  4.8","24"," 11.1"," 16.9","  91.0"," ","  57.0"," "," 0.00","G","999.9","000000"
"72572024127","2006-06-04","40.7781","-111.9694","1287.8","SALT LAKE CITY INTERNATIONAL AIRPORT, UT US","  73.3","24","  46.9","24","1010.7","24","870.0","24"," 10.0","24","  5.5","24"," 10.9"," 15.9","  90.0"," ","  57.0"," "," 0.00","G","999.9","000000"
"72572024127","2006-06-05","40.7781","-111.9694","1287.8","SALT LAKE CITY INTERNATIONAL AIRPORT, UT US","  75.7","24","  47.2","24","1008.9","24","868.8","24"," 10.0","24","  6.0","24","  8.9","999.9","  90.0"," ","  57.9"," "," 0.00","G","999.9","000000"
"72572024127","2006-06-06","40.7781","-111.9694","1287.8","SALT LAKE CITY INTERNATIONAL AIRPORT, UT US","  78.0","24","  45.2","24","1008.9","24","869.0","24"," 10.0","24","  5.4","24"," 12.0","999.9","  95.0"," ","  61.0"," "," 0.00","G","999.9","000000"
"72572024127","2006-06-07","40.7781","-111.9694","1287.8","SALT LAKE CITY INTERNATIONAL AIRPORT, UT US","  84.6","24","  39.6","24","1005.8","24","866.9","24"," 10.0","24"," 10.9","24"," 20.0"," 25.1","  99.0"," ","  61.0"," "," 0.00","G","999.9","000000"
"72572024127","2006-06-08","40.7781","-111.9694","1287.8","SALT LAKE CITY INTERNATIONAL AIRPORT, UT US","  76.0","24","  46.4","24","1009.0","24","869.3","24"," 10.0","24"," 12.1","24"," 22.0"," 27.8","  99.0"," ","  69.1"," "," 0.00","G","999.9","010010"
"72572024127","2006-06-09","40.7781","-111.9694","1287.8","SALT LAKE CITY INTERNATIONAL AIRPORT, UT US","  63.9","24","  53.5","24","1011.2","22","869.9","24","  9.7","24","  9.7","24"," 30.9"," 43.5","  84.0"," ","  57.9"," "," 0.28","G","999.9","010010"
"72572024127","2006-06-10","40.7781","-111.9694","1287.8","SALT LAKE CITY INTERNATIONAL AIRPORT, UT US","  63.1","24","  50.3","24","1008.4","22","867.1","24","  9.8","24","  8.3","24"," 25.8"," 40.0","  78.1"," ","  55.0"," "," 0.43","G","999.9","010010"
"72572024127","2006-06-11","40.7781","-111.9694","1287.8","SALT LAKE CITY INTERNATIONAL AIRPORT, UT US","  70.7","24","  43.3","24","1005.9","24","865.4","24"," 10.0","24","  7.3","24"," 14.0"," 24.9","  90.0"," ","  55.0"," "," 0.01","G","999.9","000000"
"72572024127","2006-06-12","40.7781","-111.9694","1287.8","SALT LAKE CITY INTERNATIONAL AIRPORT, UT US","  78.1","24","  35.1","24","1006.0","24","866.5","24"," 10.0","24","  8.9","24"," 15.0"," 20.8","  93.9"," ","  55.9"," "," 0.00","G","999.9","000000"
"72572024127","2006-06-13","40.7781","-111.9694","1287.8","SALT LAKE CITY INTERNATIONAL AIRPORT, UT US","  78.0","24","  31.1","24","1009.4","24","869.5","24"," 10.0","24"," 12.0","24"," 22.7"," 32.6","  93.9"," ","  62.1"," "," 0.00","G","999.9","010000"
"72572024127","2006-06-14","40.7781","-111.9694","1287.8","SALT LAKE CITY INTERNATIONAL AIRPORT, UT US","  65.3","24","  48.2","24","1008.8","23","868.1","24"," 10.0","24","  8.3","24"," 27.8"," 33.6","  91.9"," ","  57.0"," "," 0.00","G","999.9","010000"
"72572024127","2006-06-15","40.7781","-111.9694","1287.8","SALT LAKE CITY INTERNATIONAL AIRPORT, UT US","  62.5","24","  39.1","24","1011.0","24","869.0","24"," 10.0","24","  5.5","24"," 10.9"," 17.9","  73.0"," ","  51.1"," "," 0.00","G","999.9","000000"
"72572024127","2006-06-16","40.7781","-111.9694","1287.8","SALT LAKE CITY INTERNATIONAL AIRPORT, UT US","  63.0","24","  40.8","24","1013.9","24","871.6","24"," 10.0","24","  6.6","24"," 12.8"," 18.1","  73.9"," ","  51.1"," "," 0.00","G","999.9","000000"
"72572024127","2006-06-17","40.7781","-111.9694","1287.8","SALT LAKE CITY INTERNATIONAL AIRPORT, UT US","  69.0","24","  37.0","24","1015.2","24","873.1","24"," 10.0","24","  7.3","24"," 10.9"," 15.0","  86.0"," ","  54.0"," "," 0.00","G","999.9","000000"
"72572024127","2006-06-18","40.7781","-111.9694","1287.8","SALT LAKE CITY INTERNATIONAL AIRPORT, UT US","  73.7","24","  44.6","24","1012.4","24","871.5","24"," 10.0","24","  4.7","24"," 10.9"," 15.9","  90.0"," ","  55.9"," "," 0.00","G","999.9","000000"
"72572024127","2006-06-19","40.7781","-111.9694","1287.8","SALT LAKE CITY INTERNATIONAL AIRPORT, UT US","  81.3","24","  39.5","24","1005.8","24","866.5","24"," 10.0","24"," 11.0","24"," 21.0"," 26.8","  91.9"," ","  57.9"," "," 0.00","G","999.9","000000"
"72572024127","2006-06-20","40.7781","-111.9694","1287.8","SALT LAKE CITY INTERNATIONAL AIRPORT, UT US","  73.9","24","  37.7","24","1011.5","24","871.1","24"," 10.0","24","  8.5","24"," 15.9","999.9","  91.9"," ","  57.0"," "," 0.00","G","999.9","000000"
"72572024127","2006-06-21","40.7781","-111.9694","1287.8","SALT LAKE CITY INTERNATIONAL AIRPORT, UT US","  71.3","24","  34.3","24","1013.6","24","872.3","24"," 10.0","24","  5.3","24"," 10.9","999.9","  86.0"," ","  54.0"," "," 0.00","G","999.9","000000"
"72572024127","2006-06-22","40.7781","-111.9694","1287.8","SALT LAKE CITY INTERNATIONAL AIRPORT, UT US","  72.2","24","  37.1","24","1017.2","24","875.4","24"," 10.0","24","  6.2","24"," 11.8"," 15.0","  84.9"," ","  54.0"," "," 0.00","G","999.9","000000"
"72572024127","2006-06-23","40.7781","-111.9694","1287.8","SALT LAKE CITY INTERNATIONAL AIRPORT, UT US","  73.2","24","  27.9","24","1019.1","24","877.1","24"," 10.0","24","  5.7","24"," 10.9"," 16.9","  91.9"," ","  55.9"," "," 0.00","G","999.9","000000"
"72572024127","2006-06-24","40.7781","-111.9694","1287.8","SALT LAKE CITY INTERNATIONAL AIRPORT, UT US","  77.1","24","  34.6","24","1018.1","24","876.7","24"," 10.0","24","  5.6","24"," 10.9","999.9","  93.9"," ","  55.9"," "," 0.00","G","999.9","000000"
"72572024127","2006-06-25","40.7781","-111.9694","1287.8","SALT LAKE CITY INTERNATIONAL AIRPORT, UT US","  77.8","24","  38.1","24","1019.0","24","877.7","24"," 10.0","24","  5.0","24"," 11.1","999.9","  93.9"," ","  57.0"," "," 0.00","G","999.9","000000"
"72572024127","2006-06-26","40.7781","-111.9694","1287.8","SALT LAKE CITY INTERNATIONAL AIRPORT, UT US","  79.6","24","  41.1","24","1015.8","24","875.1","24"," 10.0","24","  6.0","24"," 13.8","999.9","  93.0"," ","  57.0"," "," 0.00","G","999.9","000000"
"72572024127","2006-06-27","40.7781","-111.9694","1287.8","SALT LAKE CITY INTERNATIONAL AIRPORT, UT US","  79.6","24","  38.2","24","1012.4","24","872.2","24"," 10.0","24","  6.6","24"," 14.0"," 18.8","  93.9"," ","  60.1"," "," 0.00","G","999.9","000000"
"72572024127","2006-06-28","40.7781","-111.9694","1287.8","SALT LAKE CITY INTERNATIONAL AIRPORT, UT US","  81.4","24","  36.7","24","1011.9","24","871.9","24"," 10.0","24","  6.7","24"," 10.9","999.9","  97.0"," ","  63.0"," "," 0.00","G","999.9","000000"
"72572024127","2006-06-29","40.7781","-111.9694","1287.8","SALT LAKE CITY INTERNATIONAL AIRPORT, UT US","  81.2","24","  43.4","24","1013.1","24","873.1","24"," 10.0","24","  5.9","24","  8.9","999.9","  97.0"," ","  66.0"," "," 0.00","G","999.9","010010"
"72572024127","2006-06-30","40.7781","-111.9694","1287.8","SALT LAKE CITY INTERNATIONAL AIRPORT, UT US","  80.0","24","  47.5","24","1014.3","24","873.9","24"," 10.0","24","  6.5","24","  8.9","999.9","  91.9"," ","  66.0"," "," 0.00","G","999.9","000000"
"72572024127","2006-07-01","40.7781","-111.9694","1287.8","SALT LAKE CITY INTERNATIONAL AIRPORT, UT US","  79.7","24","  48.8","24","1013.9","24","873.5","24"," 10.0","24","  6.8","24"," 12.8"," 21.8","  91.9"," ","  66.9"," "," 0.00","G","999.9","000000"
"72572024127","2006-07-02","40.7781","-111.9694","1287.8","SALT LAKE CITY INTERNATIONAL AIRPORT, UT US","  81.5","24","  47.2","24","1012.6","24","872.5","24"," 10.0","24","  6.5","24"," 14.0","999.9","  95.0"," ","  66.9"," "," 0.00","G","999.9","010010"
"72572024127","2006-07-03","40.7781","-111.9694","1287.8","SALT LAKE CITY INTERNATIONAL AIRPORT, UT US","  82.9","24","  47.0","24","1012.8","24","872.9","24"," 10.0","24","  6.3","24"," 16.9","999.9","  95.0"," ","  69.1"," "," 0.00","G","999.9","010010"
"72572024127","2006-07-04","40.7781","-111.9694","1287.8","SALT LAKE CITY INTERNATIONAL AIRPORT, UT US","  81.6","24","  49.1","24","1014.1","24","873.7","24"," 10.0","24","  7.9","24"," 27.8"," 34.8","  93.9"," ","  69.1"," "," 0.00","G","999.9","010010"
"72572024127","2006-07-05","40.7781","-111.9694","1287.8","SALT LAKE CITY INTERNATIONAL AIRPORT, UT US","  71.8","24","  56.5","24","1014.5","24","873.4","24","  9.9","24","  6.5","24"," 11.8","999.9","  93.0"," ","  64.0"," "," 0.08","G","999.9","010010"
"72572024127","2006-07-06","40.7781","-111.9694","1287.8","SALT LAKE CITY INTERNATIONAL AIRPORT, UT US","  76.3","24","  55.0","24","1013.5","24","872.8","24"," 10.0","24","  9.3","24"," 18.1"," 22.0","  88.0"," ","  64.9"," "," 0.02","G","999.9","010010"
"72572024127","2006-07-07","40.7781","-111.9694","1287.8","SALT LAKE CITY INTERNATIONAL AIRPORT, UT US","  76.3","24","  50.8","24","1017.5","22","876.0","24"," 10.0","24","  8.7","24"," 16.9"," 23.7","  90.0"," ","  64.0"," "," 0.05","G","999.9","010010"
"72572024127","2006-07-08","40.7781","-111.9694","1287.8","SALT LAKE CITY INTERNATIONAL AIRPORT, UT US","  78.8","24","  46.4","24","1016.5","24","875.6","24"," 10.0","24","  6.0","24"," 15.0","999.9","  91.9"," ","  62.1"," "," 0.00","G","999.9","000000"
"72572024127","2006-07-09","40.7781","-111.9694","1287.8","SALT LAKE CITY INTERNATIONAL AIRPORT, UT US","  80.3","24","  43.2","24","1011.2","24","871.2","24"," 10.0","24","  5.9","24"," 12.0","999.9","  93.0"," ","  62.1"," "," 0.00","G","999.9","000000"
"72572024127","2006-07-10","40.7781","-111.9694","1287.8","SALT LAKE CITY INTERNATIONAL AIRPORT, UT US","  80.3","24","  42.6","24","1007.8","24","868.3","24"," 10.0","24","  8.7","24"," 19.8"," 24.9","  95.0"," ","  66.0"," "," 0.00","G","999.9","000000"
"72572024127","2006-07-11","40.7781","-111.9694","1287.8","SALT LAKE CITY INTERNATIONAL AIRPORT, UT US","  83.1","24","  42.4","24","1008.8","24","869.5","24"," 10.0","24"," 11.7","24"," 26.8"," 38.7","  95.0"," ","  68.0"," "," 0.00","G","999.9","010010"
"72572024127","2006-07-12","40.7781","-111.9694","1287.8","SALT LAKE CITY INTERNATIONAL AIRPORT, UT US","  80.8","24","  44.2","24","1010.1","23","870.4","24"," 10.0","24"," 12.9","24"," 22.7"," 31.7","  98.1"," ","  69.1"," "," 0.00","G","999.9","010000"
"72572024127","2006-07-13","40.7781","-111.9694","1287.8","SALT LAKE CITY INTERNATIONAL AIRPORT, UT US","  81.0","24","  39.9","24","1011.8","24","871.9","24","  9.7","24","  6.3","24"," 14.0","999.9","  98.1"," ","  64.0"," "," 0.00","G","999.9","000000"
"72572024127","2006-07-14","40.7781","-111.9694","1287.8","SALT LAKE CITY INTERNATIONAL AIRPORT, UT US","  82.9","24","  38.8","24","1013.2","24","873.1","24"," 10.0","24","  7.4","24"," 10.9"," 13.8"," 102.0"," ","  64.9"," "," 0.00","G","999.9","000000"
"72572024127","2006-07-15","40.7781","-111.9694","1287.8","SALT LAKE CITY INTERNATIONAL AIRPORT, UT US","  87.9","24","  39.7","24","1011.6","24","872.2","24"," 10.0","24"," 10.5","24"," 18.1"," 22.0"," 104.0"," ","  66.9"," "," 0.00","G","999.9","000000"
"72572024127","2006-07-16","40.7781","-111.9694","1287.8","SALT LAKE CITY INTERNATIONAL AIRPORT, UT US","  87.0","24","  43.0","24","1011.6","24","872.3","24"," 10.0","24","  5.8","24","  9.9","999.9"," 104.0"," ","  66.9"," "," 0.00","G","999.9","000000"
"72572024127","2006-07-17","40.7781","-111.9694","1287.8","SALT LAKE CITY INTERNATIONAL AIRPORT, UT US","  86.4","24","  41.5","24","1012.1","24","872.6","24"," 10.0","24","  5.2","24","  9.9","999.9"," 102.9"," ","  63.0"," "," 0.00","G","999.9","000000"
"72572024127","2006-07-18","40.7781","-111.9694","1287.8","SALT LAKE CITY INTERNATIONAL AIRPORT, UT US","  89.1","24","  43.1","24","1010.1","24","871.1","24"," 10.0","24","  8.6","24"," 17.9"," 23.7"," 102.0","*","  78.1","*"," 0.00","G","999.9","010010"
"72572024127","2006-07-19","40.7781","-111.9694","1287.8","SALT LAKE CITY INTERNATIONAL AIRPORT, UT US","  85.9","24","  49.5","24","1011.2","22","871.8","24"," 10.0","24","  9.5","24"," 28.7"," 36.7"," 100.9"," ","  77.0"," "," 0.00","G","999.9","010010"
"72572024127","2006-07-20","40.7781","-111.9694","1287.8","SALT LAKE CITY INTERNATIONAL AIRPORT, UT US","  80.8","24","  55.3","24","1015.2","24","874.8","24"," 10.0","24","  9.4","24"," 25.8"," 32.6","  98.1"," ","  70.0"," "," 0.00","G","999.9","010010"
"72572024127","2006-07-21","40.7781","-111.9694","1287.8","SALT LAKE CITY INTERNATIONAL AIRPORT, UT US","  85.5","24","  50.8","24","1015.4","24","875.2","24"," 10.0","24","  6.0","24"," 11.8"," 14.0"," 102.0"," ","  70.0"," "," 0.00","G","999.9","000000"
"72572024127","2006-07-22","40.7781","-111.9694","1287.8","SALT LAKE CITY INTERNATIONAL AIRPORT, UT US","  89.5","24","  47.2","24","1013.5","24","874.1","24"," 10.0","24","  7.8","24"," 12.8","999.9"," 104.0"," ","  70.0"," "," 0.00","G","999.9","000000"
"72572024127","2006-07-23","40.7781","-111.9694","1287.8","SALT LAKE CITY INTERNATIONAL AIRPORT, UT US","  88.8","24","  48.9","24","1010.5","24","871.5","24"," 10.0","24","  6.3","24"," 11.1","999.9"," 104.0"," ","  75.9"," "," 0.00","G","999.9","000000"
"72572024127","2006-07-24","40.7781","-111.9694","1287.8","SALT LAKE CITY INTERNATIONAL AIRPORT, UT US","  87.8","24","  54.3","24","1008.0","24","869.4","24"," 10.0","24","  6.4","24"," 19.8"," 26.8"," 102.0"," ","  77.0"," "," 0.00","G","999.9","010010"
"72572024127","2006-07-25","40.7781","-111.9694","1287.8","SALT LAKE CITY INTERNATIONAL AIRPORT, UT US","  86.0","24","  54.7","24","1007.3","14","868.9","24"," 10.0","24","  7.8","24"," 13.8"," 20.8","  97.0"," ","  75.9"," "," 0.00","G","999.9","000000"
"72572024127","2006-07-26","40.7781","-111.9694","1287.8","SALT LAKE CITY INTERNATIONAL AIRPORT, UT US","  85.7","24","  51.8","24","1009.6","17","869.7","24"," 10.0","24","  4.8","24"," 37.7"," 45.6","  97.0"," ","  71.1"," "," 0.00","G","999.9","010010"
"72572024127","2006-07-27","40.7781","-111.9694","1287.8","SALT LAKE CITY INTERNATIONAL AIRPORT, UT US","  82.8","24","  44.4","24","1010.6","24","871.1","24"," 10.0","24","  7.0","24"," 22.9"," 35.9","  98.1"," ","  68.0"," "," 0.00","G","999.9","010000"
"72572024127","2006-07-28","40.7781","-111.9694","1287.8","SALT LAKE CITY INTERNATIONAL AIRPORT, UT US","  85.1","24","  42.0","24","1008.3","24","869.3","24"," 10.0","24","  6.2","24"," 11.8","999.9"," 102.0"," ","  68.0"," "," 0.00","G","999.9","000000"
"72572024127","2006-07-29","40.7781","-111.9694","1287.8","SALT LAKE CITY INTERNATIONAL AIRPORT, UT US","  86.8","24","  48.9","24","1006.0","24","867.4","24"," 10.0","24","  7.2","24"," 19.8"," 22.7"," 102.0"," ","  70.0"," "," 0.00","G","999.9","000000"
"72572024127","2006-07-30","40.7781","-111.9694","1287.8","SALT LAKE CITY INTERNATIONAL AIRPORT, UT US","  87.4","24","  47.8","24","1004.8","24","866.5","24"," 10.0","24","  7.8","24"," 15.9"," 27.8","  98.1"," ","  75.9"," "," 0.00","G","999.9","010000"
"72572024127","2006-07-31","40.7781","-111.9694","1287.8","SALT LAKE CITY INTERNATIONAL AIRPORT, UT US","  79.9","24","  44.1","24","1004.2","24","865.5","24"," 10.0","24","  6.6","24"," 17.9"," 20.8","  96.1"," ","  70.0"," "," 0.00","G","999.9","000000"
"72572024127","2006-08-01","40.7781","-111.9694","1287.8","SALT LAKE CITY INTERNATIONAL AIRPORT, UT US","  67.8","24","  56.1","24","1008.7","20","868.1","24","  9.6","24","  7.9","24"," 20.8"," 23.7","  88.0"," ","  59.0"," "," 0.11","G","999.9","010010"
"72572024127","2006-08-02","40.7781","-111.9694","1287.8","SALT LAKE CITY INTERNATIONAL AIRPORT, UT US","  70.6","24","  49.1","24","1014.2","24","872.5","24"," 10.0","24","  4.6","24","  9.9","999.9","  87.1"," ","  60.1"," "," 0.44","G","999.9","000000"
"72572024127","2006-08-03","40.7781","-111.9694","1287.8","SALT LAKE CITY INTERNATIONAL AIRPORT, UT US","  76.8","24","  48.7","24","1011.2","23","870.9","24"," 10.0","24","  9.9","24"," 24.9"," 29.7","  87.1"," ","  60.1"," "," 0.00","G","999.9","010010"
"72572024127","2006-08-04","40.7781","-111.9694","1287.8","SALT LAKE CITY INTERNATIONAL AIRPORT, UT US","  76.4","24","  49.4","24","1010.6","24","870.3","24"," 10.0","24","  8.9","24"," 21.0"," 27.0","  91.9"," ","  62.1"," "," 0.00","G","999.9","000000"
"72572024127","2006-08-05","40.7781","-111.9694","1287.8","SALT LAKE CITY INTERNATIONAL AIRPORT, UT US","  80.8","24","  51.2","24","1010.4","24","870.6","24"," 10.0","24","  9.0","24"," 13.8"," 15.0","  93.0"," ","  62.1"," "," 0.00","G","999.9","000000"
"72572024127","2006-08-06","40.7781","-111.9694","1287.8","SALT LAKE CITY INTERNATIONAL AIRPORT, UT US","  79.5","24","  50.1","24","1011.2","22","871.2","24"," 10.0","24","  8.4","24"," 17.9"," 24.9","  93.0"," ","  64.9"," "," 0.01","G","999.9","010010"
"72572024127","2006-08-07","40.7781","-111.9694","1287.8","SALT LAKE CITY INTERNATIONAL AIRPORT, UT US","  80.2","24","  44.2","24","1011.7","24","871.7","24"," 10.0","24"," 11.0","24"," 27.8"," 35.7","  93.9"," ","  64.9"," "," 0.00","G","999.9","010010"
"72572024127","2006-08-08","40.7781","-111.9694","1287.8","SALT LAKE CITY INTERNATIONAL AIRPORT, UT US","  78.8","24","  45.0","24","1013.4","24","872.9","24"," 10.0","24"," 13.9","24"," 19.8"," 25.8","  96.1"," ","  66.9"," "," 0.08","G","999.9","000000"
"72572024127","2006-08-09","40.7781","-111.9694","1287.8","SALT LAKE CITY INTERNATIONAL AIRPORT, UT US","  79.3","24","  35.2","24","1012.9","24","872.7","24"," 10.0","24","  6.6","24"," 12.0","999.9","  96.1"," ","  64.0"," "," 0.00","G","999.9","000000"
"72572024127","2006-08-10","40.7781","-111.9694","1287.8","SALT LAKE CITY INTERNATIONAL AIRPORT, UT US","  76.8","24","  36.1","24","1013.2","23","872.6","24"," 10.0","24","  6.5","24"," 22.9"," 30.9","  93.9"," ","  60.1"," "," 0.00","G","999.9","000000"
"72572024127","2006-08-11","40.7781","-111.9694","1287.8","SALT LAKE CITY INTERNATIONAL AIRPORT, UT US","  83.2","24","  44.0","24","1008.1","24","868.8","24"," 10.0","24","  8.0","24"," 12.8"," 14.0","  93.9"," ","  60.1"," "," 0.00","G","999.9","000000"
"72572024127","2006-08-12","40.7781","-111.9694","1287.8","SALT LAKE CITY INTERNATIONAL AIRPORT, UT US","  78.8","24","  49.9","24","1006.1","20","866.9","24"," 10.0","24"," 10.1","24"," 27.8"," 39.6","  91.9"," ","  68.0"," "," 0.00","G","999.9","010010"
"72572024127","2006-08-13","40.7781","-111.9694","1287.8","SALT LAKE CITY INTERNATIONAL AIRPORT, UT US","  73.8","24","  46.8","24","1010.0","24","869.6","24"," 10.0","24","  5.4","24"," 13.8","999.9","  87.1"," ","  61.0"," "," 0.06","G","999.9","000000"
"72572024127","2006-08-14","40.7781","-111.9694","1287.8","SALT LAKE CITY INTERNATIONAL AIRPORT, UT US","  77.7","24","  44.0","24","1011.8","24","871.4","24"," 10.0","24","  7.1","24"," 11.1"," 40.0","  93.0"," ","  61.0"," "," 0.00","G","999.9","000000"
"72572024127","2006-08-15","40.7781","-111.9694","1287.8","SALT LAKE CITY INTERNATIONAL AIRPORT, UT US","  81.7","24","  44.7","24","1008.0","19","869.0","24"," 10.0","24","  9.0","24"," 18.8"," 29.7","  93.9"," ","  64.0"," "," 0.00","G","999.9","010010"
"72572024127","2006-08-16","40.7781","-111.9694","1287.8","SALT LAKE CITY INTERNATIONAL AIRPORT, UT US","  81.8","24","  43.8","24","1007.3","23","868.2","24"," 10.0","24"," 12.7","24"," 22.7"," 27.8","  95.0"," ","  70.0"," "," 0.03","G","999.9","010010"
"72572024127","2006-08-17","40.7781","-111.9694","1287.8","SALT LAKE CITY INTERNATIONAL AIRPORT, UT US","  82.1","24","  39.8","24","1008.9","24","869.5","24"," 10.0","24"," 12.4","24"," 18.8"," 23.7","  95.0"," ","  70.0"," "," 0.00","G","999.9","000000"
"72572024127","2006-08-18","40.7781","-111.9694","1287.8","SALT LAKE CITY INTERNATIONAL AIRPORT, UT US","  71.9","24","  38.1","24","1015.8","24","874.5","24"," 10.0","24","  5.8","24"," 12.0","999.9","  88.0"," ","  57.0"," "," 0.00","G","999.9","000000"
"72572024127","2006-08-19","40.7781","-111.9694","1287.8","SALT LAKE CITY INTERNATIONAL AIRPORT, UT US","  74.0","24","  38.1","24","1014.4","24","873.2","24"," 10.0","24","  5.8","24"," 11.8","999.9","  91.9"," ","  57.9"," "," 0.00","G","999.9","000000"
"72572024127","2006-08-20","40.7781","-111.9694","1287.8","SALT LAKE CITY INTERNATIONAL AIRPORT, UT US","  77.6","24","  35.9","24","1011.9","24","871.4","24"," 10.0","24","  8.5","24"," 15.9"," 16.9","  93.9"," ","  57.9"," "," 0.00","G","999.9","000000"
"72572024127","2006-08-21","40.7781","-111.9694","1287.8","SALT LAKE CITY INTERNATIONAL AIRPORT, UT US","  81.4","24","  37.0","24","1012.8","24","872.6","24"," 10.0","24","  9.5","24"," 15.9","999.9","  97.0"," ","  62.1"," "," 0.00","G","999.9","000000"
"72572024127","2006-08-22","40.7781","-111.9694","1287.8","SALT LAKE CITY INTERNATIONAL AIRPORT, UT US","  84.7","24","  35.5","24","1012.4","24","872.7","24"," 10.0","24","  8.8","24"," 15.9"," 18.8","  98.1"," ","  66.9"," "," 0.00","G","999.9","000000"
"72572024127","2006-08-23","40.7781","-111.9694","1287.8","SALT LAKE CITY INTERNATIONAL AIRPORT, UT US","  85.1","24","  41.8","24","1011.2","23","871.7","24"," 10.0","24"," 11.6","24"," 21.8"," 25.8","  98.1"," ","  73.9"," "," 0.00","G","999.9","010010"
"72572024127","2006-08-24","40.7781","-111.9694","1287.8","SALT LAKE CITY INTERNATIONAL AIRPORT, UT US","  77.0","24","  41.5","24","1009.5","24","869.8","24"," 10.0","24","  5.2","24"," 15.9","999.9","  93.9"," ","  61.0"," "," 0.00","G","999.9","010010"
"72572024127","2006-08-25","40.7781","-111.9694","1287.8","SALT LAKE CITY INTERNATIONAL AIRPORT, UT US","  74.7","24","  49.0","24","1004.9","22","865.3","24"," 10.0","24","  8.4","24"," 15.0"," 18.1","  88.0"," ","  63.0"," "," 0.20","G","999.9","010010"
"72572024127","2006-08-26","40.7781","-111.9694","1287.8","SALT LAKE CITY INTERNATIONAL AIRPORT, UT US","  68.9","24","  44.8","24","1009.3","22","868.7","24"," 10.0","24","  7.5","24"," 15.9"," 20.8","  84.0"," ","  57.0"," "," 0.10","G","999.9","010010"
"72572024127","2006-08-27","40.7781","-111.9694","1287.8","SALT LAKE CITY INTERNATIONAL AIRPORT, UT US","  66.2","24","  43.4","24","1016.6","24","874.2","24"," 10.0","24","  5.6","24"," 11.8"," 13.8","  81.0"," ","  53.1"," "," 0.07","G","999.9","000000"
"72572024127","2006-08-28","40.7781","-111.9694","1287.8","SALT LAKE CITY INTERNATIONAL AIRPORT, UT US","  71.9","24","  43.2","24","1016.6","24","874.7","24"," 10.0","24","  4.8","24","  9.9","999.9","  88.0"," ","  53.1"," "," 0.00","G","999.9","000000"
"72572024127","2006-08-29","40.7781","-111.9694","1287.8","SALT LAKE CITY INTERNATIONAL AIRPORT, UT US","  77.5","24","  39.2","24","1010.5","24","870.2","24"," 10.0","24"," 10.7","24"," 17.9"," 23.7","  96.1"," ","  57.0"," "," 0.00","G","999.9","000000"
"72572024127","2006-08-30","40.7781","-111.9694","1287.8","SALT LAKE CITY INTERNATIONAL AIRPORT, UT US","  83.6","24","  30.1","24","1004.3","24","865.6","24"," 10.0","24"," 12.7","24"," 19.0"," 26.8","  96.1"," ","  63.0"," "," 0.00","G","999.9","010010"
"72572024127","2006-08-31","40.7781","-111.9694","1287.8","SALT LAKE CITY INTERNATIONAL AIRPORT, UT US","  66.9","24","  33.6","24","1012.3","24","871.3","24"," 10.0","24","  7.4","24"," 18.8"," 22.7","  91.9"," ","  48.9"," "," 0.00","G","999.9","010010"
"72572024127","2006-09-01","40.7781","-111.9694","1287.8","SALT LAKE CITY INTERNATIONAL AIRPORT, UT US","  65.6","24","  36.4","24","1017.2","24","874.6","24"," 10.0","24","  5.1","24"," 11.1","999.9","  82.0"," ","  48.9"," "," 0.00","G","999.9","000000"
"72572024127","2006-09-02","40.7781","-111.9694","1287.8","SALT LAKE CITY INTERNATIONAL AIRPORT, UT US","  69.4","24","  36.3","24","1016.0","24","874.0","24"," 10.0","24","  4.4","24","  9.9","999.9","  87.1"," ","  50.0"," "," 0.00","G","999.9","000000"
"72572024127","2006-09-03","40.7781","-111.9694","1287.8","SALT LAKE CITY INTERNATIONAL AIRPORT, UT US","  71.7","24","  35.1","24","1013.0","24","871.7","24"," 10.0","24","  5.4","24","  9.9","999.9","  89.1"," ","  55.0"," "," 0.00","G","999.9","000000"
"72572024127","2006-09-04","40.7781","-111.9694","1287.8","SALT LAKE CITY INTERNATIONAL AIRPORT, UT US","  73.9","24","  32.4","24","1013.1","24","872.1","24"," 10.0","24","  6.5","24","  8.9","999.9","  93.0"," ","  55.9"," "," 0.00","G","999.9","000000"
"72572024127","2006-09-05","40.7781","-111.9694","1287.8","SALT LAKE CITY INTERNATIONAL AIRPORT, UT US","  77.6","24","  38.4","24","1016.5","24","875.5","24"," 10.0","24","  6.8","24"," 11.1","999.9","  93.0"," ","  59.0"," "," 0.00","G","999.9","000000"
"72572024127","2006-09-06","40.7781","-111.9694","1287.8","SALT LAKE CITY INTERNATIONAL AIRPORT, UT US","  75.8","24","  42.5","24","1015.7","24","874.7","24"," 10.0","24","  6.7","24"," 14.0","999.9","  88.0"," ","  63.0"," "," 0.00","G","999.9","000000"
"72572024127","2006-09-07","40.7781","-111.9694","1287.8","SALT LAKE CITY INTERNATIONAL AIRPORT, UT US","  72.3","24","  43.5","24","1011.7","24","871.0","24"," 10.0","24","  6.9","24"," 11.1"," 17.1","  88.0"," ","  64.0"," "," 0.00","G","999.9","000000"
"72572024127","2006-09-08","40.7781","-111.9694","1287.8","SALT LAKE CITY INTERNATIONAL AIRPORT, UT US","  70.0","24","  46.6","24","1009.2","24","868.6","24"," 10.0","24","  7.7","24"," 15.0","999.9","  80.1"," ","  63.0"," "," 0.00","G","999.9","010000"
"72572024127","2006-09-09","40.7781","-111.9694","1287.8","SALT LAKE CITY INTERNATIONAL AIRPORT, UT US","  70.0","24","  42.9","24","1009.2","23","868.3","24"," 10.0","24","  8.0","24"," 13.0","999.9","  82.0"," ","  59.0"," "," 0.00","G","999.9","000000"
"72572024127","2006-09-10","40.7781","-111.9694","1287.8","SALT LAKE CITY INTERNATIONAL AIRPORT, UT US","  66.5","24","  45.8","24","1014.0","24","872.2","24"," 10.0","24","  9.7","24"," 22.9"," 33.0","  82.0"," ","  55.0"," "," 0.00","G","999.9","000000"
"72572024127","2006-09-11","40.7781","-111.9694","1287.8","SALT LAKE CITY INTERNATIONAL AIRPORT, UT US","  69.6","24","  41.3","24","1016.8","24","874.7","24"," 10.0","24","  6.6","24"," 11.1","999.9","  84.9"," ","  57.0"," "," 0.00","G","999.9","000000"
"72572024127","2006-09-12","40.7781","-111.9694","1287.8","SALT LAKE CITY INTERNATIONAL AIRPORT, UT US","  71.0","24","  40.0","24","1017.2","24","875.3","24"," 10.0","24","  4.7","24","  9.9","999.9","  87.1"," ","  57.0"," "," 0.00","G","999.9","000000"
"72572024127","2006-09-13","40.7781","-111.9694","1287.8","SALT LAKE CITY INTERNATIONAL AIRPORT, UT US","  73.3","24","  39.3","24","1012.0","24","871.1","24"," 10.0","24","  6.7","24","  8.9","999.9","  90.0"," ","  57.0"," "," 0.00","G","999.9","000000"
"72572024127","2006-09-14","40.7781","-111.9694","1287.8","SALT LAKE CITY INTERNATIONAL AIRPORT, UT US","  75.1","24","  38.5","24"," 999.7","22","860.6","24"," 10.0","24"," 12.2","24"," 20.0"," 24.1","  90.0"," ","  60.1"," "," 0.00","G","999.9","010010"
"72572024127","2006-09-15","40.7781","-111.9694","1287.8","SALT LAKE CITY INTERNATIONAL AIRPORT, UT US","  59.4","24","  50.6","24"," 998.5","19","858.5","24","  9.4","24"," 10.3","24"," 21.0"," 32.1","  84.0"," ","  48.0"," "," 0.40","G","999.9","011110"
"72572024127","2006-09-16","40.7781","-111.9694","1287.8","SALT LAKE CITY INTERNATIONAL AIRPORT, UT US","  47.1","24","  37.2","24","1011.5","22","867.5","24","  9.1","24"," 10.7","24"," 28.0"," 39.0","  52.0","*","  39.9","*"," 0.94","G","999.9","010000"
"72572024127","2006-09-17","40.7781","-111.9694","1287.8","SALT LAKE CITY INTERNATIONAL AIRPORT, UT US","  49.1","24","  33.6","24","1022.4","24","877.0","24"," 10.0","24","  5.8","24","  9.9"," 14.0","  57.9"," ","  41.0"," "," 0.16","G","999.9","000000"
"72572024127","2006-09-18","40.7781","-111.9694","1287.8","SALT LAKE CITY INTERNATIONAL AIRPORT, UT US","  51.9","24","  28.7","24","1021.8","24","876.8","24"," 10.0","24","  6.4","24","  8.9","999.9","  66.9"," ","  41.0"," "," 0.00","G","999.9","000000"
"72572024127","2006-09-19","40.7781","-111.9694","1287.8","SALT LAKE CITY INTERNATIONAL AIRPORT, UT US","  59.4","24","  30.9","24","1014.3","24","871.2","24"," 10.0","24"," 11.0","24"," 22.9"," 27.0","  80.1"," ","  41.0"," "," 0.00","G","999.9","000000"
"72572024127","2006-09-20","40.7781","-111.9694","1287.8","SALT LAKE CITY INTERNATIONAL AIRPORT, UT US","  57.2","24","  37.1","24","1008.4","22","867.1","24","  9.5","24"," 11.5","24"," 22.9"," 32.1","  80.1"," ","  46.0"," "," 0.11","G","999.9","010000"
"72572024127","2006-09-21","40.7781","-111.9694","1287.8","SALT LAKE CITY INTERNATIONAL AIRPORT, UT US","  51.5","24","  41.4","24","1011.3","24","867.8","24"," 10.0","24","  7.2","24"," 14.0","999.9","  66.9"," ","  46.9"," "," 0.14","G","999.9","010000"
"72572024127","2006-09-22","40.7781","-111.9694","1287.8","SALT LAKE CITY INTERNATIONAL AIRPORT, UT US","  48.5","24","  38.4","24","1008.1","19","864.8","24","  9.6","24","  7.8","24"," 15.9"," 22.0","  59.0"," ","  41.0"," "," 0.03","G","999.9","011110"
"72572024127","2006-09-23","40.7781","-111.9694","1287.8","SALT LAKE CITY INTERNATIONAL AIRPORT, UT US","  48.4","24","  37.2","24","1020.3","24","875.1","24"," 10.0","24","  4.2","24","  8.0","999.9","  59.0"," ","  36.0"," "," 0.25","G","999.9","000000"
"72572024127","2006-09-24","40.7781","-111.9694","1287.8","SALT LAKE CITY INTERNATIONAL AIRPORT, UT US","  51.9","24","  36.1","24","1024.0","24","878.8","24"," 10.0","24","  5.5","24","  8.9","999.9","  66.0"," ","  36.0"," "," 0.00","G","999.9","000000"
"72572024127","2006-09-25","40.7781","-111.9694","1287.8","SALT LAKE CITY INTERNATIONAL AIRPORT, UT US","  54.2","24","  37.5","24","1023.0","24","878.2","24"," 10.0","24","  5.6","24","  8.9","999.9","  66.9"," ","  42.1"," "," 0.00","G","999.9","000000"
"72572024127","2006-09-26","40.7781","-111.9694","1287.8","SALT LAKE CITY INTERNATIONAL AIRPORT, UT US","  56.8","24","  37.7","24","1021.8","24","877.5","24"," 10.0","24","  5.5","24","  8.9","999.9","  73.0"," ","  43.0"," "," 0.00","G","999.9","000000"
"72572024127","2006-09-27","40.7781","-111.9694","1287.8","SALT LAKE CITY INTERNATIONAL AIRPORT, UT US","  59.2","24","  35.5","24","1021.0","24","877.2","24"," 10.0","24","  6.0","24","  9.9","999.9","  75.0"," ","  45.0"," "," 0.00","G","999.9","000000"
"72572024127","2006-09-28","40.7781","-111.9694","1287.8","SALT LAKE CITY INTERNATIONAL AIRPORT, UT US","  61.6","24","  34.2","24","1020.8","24","877.3","24"," 10.0","24","  6.0","24","  9.9","999.9","  79.0"," ","  46.0"," "," 0.00","G","999.9","000000"
"72572024127","2006-09-29","40.7781","-111.9694","1287.8","SALT LAKE CITY INTERNATIONAL AIRPORT, UT US","  63.3","24","  34.7","24","1017.6","24","874.7","24"," 10.0","24","  6.9","24"," 11.1","999.9","  79.0"," ","  48.0"," "," 0.00","G","999.9","000000"
"72572024127","2006-09-30","40.7781","-111.9694","1287.8","SALT LAKE CITY INTERNATIONAL AIRPORT, UT US","  63.5","24","  33.2","24","1015.1","24","872.6","24"," 10.0","24","  7.0","24"," 12.0","999.9","  82.0"," ","  48.9"," "," 0.00","G","999.9","000000"
"72572024127","2006-10-01","40.7781","-111.9694","1287.8","SALT LAKE CITY INTERNATIONAL AIRPORT, UT US","  68.4","24","  31.3","24","1009.7","24","868.5","24"," 10.0","24","  8.0","24"," 14.0","999.9","  82.0"," ","  48.9"," "," 0.00","G","999.9","000000"
"72572024127","2006-10-02","40.7781","-111.9694","1287.8","SALT LAKE CITY INTERNATIONAL AIRPORT, UT US","  67.9","24","  41.1","24","1009.5","24","868.6","24"," 10.0","24"," 10.6","24"," 25.1"," 32.1","  82.0"," ","  55.9"," "," 0.00","G","999.9","010010"
"72572024127","2006-10-03","40.7781","-111.9694","1287.8","SALT LAKE CITY INTERNATIONAL AIRPORT, UT US","  56.2","24","  44.7","24","1017.8","24","874.3","24"," 10.0","24","  5.3","24"," 13.0","999.9","  78.1"," ","  42.1"," "," 0.08","G","999.9","010000"
"72572024127","2006-10-04","40.7781","-111.9694","1287.8","SALT LAKE CITY INTERNATIONAL AIRPORT, UT US","  64.6","24","  46.1","24","1014.9","22","872.4","24"," 10.0","24"," 11.0","24"," 29.9"," 34.0","  78.1"," ","  46.9"," "," 0.00","G","999.9","010010"
"72572024127","2006-10-05","40.7781","-111.9694","1287.8","SALT LAKE CITY INTERNATIONAL AIRPORT, UT US","  66.4","24","  47.7","24","1013.4","24","871.6","24"," 10.0","24"," 12.0","24"," 22.0"," 29.9","  78.1"," ","  57.9"," "," 0.00","G","999.9","010000"
"72572024127","2006-10-06","40.7781","-111.9694","1287.8","SALT LAKE CITY INTERNATIONAL AIRPORT, UT US","  59.3","24","  50.8","24","1012.2","23","870.0","24"," 10.0","24","  8.0","24"," 17.1"," 26.0","  73.9"," ","  53.1"," "," 0.01","G","999.9","010010"
"72572024127","2006-10-07","40.7781","-111.9694","1287.8","SALT LAKE CITY INTERNATIONAL AIRPORT, UT US","  52.3","24","  43.9","24","1013.9","24","870.2","24","  9.3","24","  8.1","24"," 16.9"," 26.0","  62.1"," ","  48.0"," "," 0.38","G","999.9","010010"
"72572024127","2006-10-08","40.7781","-111.9694","1287.8","SALT LAKE CITY INTERNATIONAL AIRPORT, UT US","  49.7","24","  42.6","24","1021.6","24","876.6","24"," 10.0","24","  5.2","24"," 15.0","999.9","  61.0"," ","  39.9"," "," 0.10","G","999.9","000000"
"72572024127","2006-10-09","40.7781","-111.9694","1287.8","SALT LAKE CITY INTERNATIONAL AIRPORT, UT US","  50.8","24","  41.5","24","1016.1","24","871.9","24"," 10.0","24","  6.0","24"," 13.0"," 15.9","  61.0"," ","  41.0"," "," 0.00","G","999.9","000000"
"72572024127","2006-10-10","40.7781","-111.9694","1287.8","SALT LAKE CITY INTERNATIONAL AIRPORT, UT US","  50.3","24","  37.8","24","1014.8","24","870.9","24"," 10.0","24","  5.9","24"," 11.1"," 18.1","  60.1"," ","  42.1"," "," 0.00","G","999.9","000000"
"72572024127","2006-10-11","40.7781","-111.9694","1287.8","SALT LAKE CITY INTERNATIONAL AIRPORT, UT US","  48.8","24","  38.9","24","1020.3","24","875.1","24","  9.9","24","  4.5","24","  9.9","999.9","  61.0"," ","  39.9"," "," 0.00","G","999.9","000000"
"72572024127","2006-10-12","40.7781","-111.9694","1287.8","SALT LAKE CITY INTERNATIONAL AIRPORT, UT US","  52.0","24","  38.2","24","1017.4","24","873.1","24"," 10.0","24","  6.5","24","  9.9","999.9","  66.0"," ","  39.9"," "," 0.00","G","999.9","000000"
"72572024127","2006-10-13","40.7781","-111.9694","1287.8","SALT LAKE CITY INTERNATIONAL AIRPORT, UT US","  53.0","24","  34.3","24","1013.8","24","870.3","24"," 10.0","24","  6.5","24","  9.9","999.9","  68.0"," ","  39.9"," "," 0.00","G","999.9","000000"
"72572024127","2006-10-14","40.7781","-111.9694","1287.8","SALT LAKE CITY INTERNATIONAL AIRPORT, UT US","  53.1","24","  37.9","24","1009.3","24","866.5","24"," 10.0","24","  5.9","24","  9.9","999.9","  66.0"," ","  41.0"," "," 0.00","G","999.9","000000"
"72572024127","2006-10-15","40.7781","-111.9694","1287.8","SALT LAKE CITY INTERNATIONAL AIRPORT, UT US","  53.9","24","  39.3","24","1006.7","24","864.3","24"," 10.0","24","  5.8","24","  9.9","999.9","  66.9"," ","  42.1"," "," 0.00","G","999.9","000000"
"72572024127","2006-10-16","40.7781","-111.9694","1287.8","SALT LAKE CITY INTERNATIONAL AIRPORT, UT US","  54.0","24","  41.9","24","1000.6","22","859.6","24","  9.7","24"," 10.3","24"," 22.0"," 28.0","  66.9"," ","  42.1"," "," 0.10","G","999.9","010000"
"72572024127","2006-10-17","40.7781","-111.9694","1287.8","SALT LAKE CITY INTERNATIONAL AIRPORT, UT US","  44.2","24","  37.3","24","1005.3","24","862.0","24"," 10.0","24","  5.5","24"," 14.0","999.9","  61.0"," ","  39.0"," "," 0.19","G","999.9","000000"
"72572024127","2006-10-18","40.7781","-111.9694","1287.8","SALT LAKE CITY INTERNATIONAL AIRPORT, UT US","  41.2","24","  28.3","24","1019.6","24","873.7","24"," 10.0","24","  5.3","24"," 14.0","999.9","  51.1"," ","  30.9"," "," 0.00","G","999.9","000000"
"72572024127","2006-10-19","40.7781","-111.9694","1287.8","SALT LAKE CITY INTERNATIONAL AIRPORT, UT US","  46.0","24","  30.2","24","1022.2","24","876.3","24"," 10.0","24","  7.3","24"," 11.1","999.9","  57.0"," ","  32.0"," "," 0.00","G","999.9","000000"
"72572024127","2006-10-20","40.7781","-111.9694","1287.8","SALT LAKE CITY INTERNATIONAL AIRPORT, UT US","  53.0","24","  35.7","24","1014.0","24","870.3","24"," 10.0","24","  9.9","24"," 19.0"," 24.1","  57.9"," ","  37.0"," "," 0.01","G","999.9","010000"
"72572024127","2006-10-21","40.7781","-111.9694","1287.8","SALT LAKE CITY INTERNATIONAL AIRPORT, UT US","  43.0","24","  32.6","24","1020.9","24","875.3","24"," 10.0","24","  6.5","24"," 13.0"," 15.0","  57.9"," ","  33.1"," "," 0.00","G","999.9","000000"
"72572024127","2006-10-22","40.7781","-111.9694","1287.8","SALT LAKE CITY INTERNATIONAL AIRPORT, UT US","  43.4","24","  26.4","24","1025.2","24","878.6","24"," 10.0","24","  5.7","24","  8.0","999.9","  59.0"," ","  32.0"," "," 0.00","G","999.9","000000"
"72572024127","2006-10-23","40.7781","-111.9694","1287.8","SALT LAKE CITY INTERNATIONAL AIRPORT, UT US","  45.8","24","  27.5","24","1022.5","24","876.7","24"," 10.0","24","  6.2","24","  9.9","999.9","  64.0"," ","  33.1"," "," 0.00","G","999.9","000000"
"72572024127","2006-10-24","40.7781","-111.9694","1287.8","SALT LAKE CITY INTERNATIONAL AIRPORT, UT US","  47.7","24","  33.1","24","1015.3","24","870.8","24"," 10.0","24","  4.0","24","  8.0","999.9","  64.9"," ","  34.0"," "," 0.00","G","999.9","000000"
"72572024127","2006-10-25","40.7781","-111.9694","1287.8","SALT LAKE CITY INTERNATIONAL AIRPORT, UT US","  48.7","24","  32.7","24","1010.2","20","867.4","24"," 10.0","24"," 14.3","24"," 25.1"," 38.1","  61.0"," ","  36.0"," "," 0.00","G","999.9","010010"
"72572024127","2006-10-26","40.7781","-111.9694","1287.8","SALT LAKE CITY INTERNATIONAL AIRPORT, UT US","  38.4","24","  30.9","24","1029.0","16","878.9","24","  9.9","24","  7.7","24"," 17.1","999.9","  60.1"," ","  30.9"," "," 0.15","G","999.9","011000"
"72572024127","2006-10-27","40.7781","-111.9694","1287.8","SALT LAKE CITY INTERNATIONAL AIRPORT, UT US","  40.7","24","  28.2","24","1034.5","24","886.2","24"," 10.0","24","  5.6","24","  8.0","999.9","  55.9"," ","  30.9"," "," 0.00","G","999.9","000000"
"72572024127","2006-10-28","40.7781","-111.9694","1287.8","SALT LAKE CITY INTERNATIONAL AIRPORT, UT US","  44.6","24","  30.2","24","1029.2","24","882.2","24"," 10.0","24","  5.3","24","  8.0","999.9","  59.0"," ","  31.1"," "," 0.00","G","999.9","000000"
"72572024127","2006-10-29","40.7781","-111.9694","1287.8","SALT LAKE CITY INTERNATIONAL AIRPORT, UT US","  45.3","24","  33.9","24","1015.6","24","870.8","24","  9.9","24","  4.2","24","  8.0","999.9","  61.0"," ","  33.1"," "," 0.00","G","999.9","000000"
"72572024127","2006-10-30","40.7781","-111.9694","1287.8","SALT LAKE CITY INTERNATIONAL AIRPORT, UT US","  46.5","24","  30.3","24","1009.4","24","865.7","24","  9.9","24","  8.0","24"," 13.0","999.9","  61.0"," ","  35.1"," "," 0.00","G","999.9","000000"
"72572024127","2006-10-31","40.7781","-111.9694","1287.8","SALT LAKE CITY INTERNATIONAL AIRPORT, UT US","  37.3","24","  22.1","24","1016.5","24","870.8","24"," 10.0","24","  4.4","24","  8.9","999.9","  50.0"," ","  27.0"," "," 0.00","G","999.9","000000"
"72572024127","2006-11-01","40.7781","-111.9694","1287.8","SALT LAKE CITY INTERNATIONAL AIRPORT, UT US","  35.2","24","  20.0","24","1023.7","24","876.3","24"," 10.0","24","  3.9","24","  8.0","999.9","  48.9"," ","  23.0"," "," 0.00","G","999.9","000000"
"72572024127","2006-11-02","40.7781","-111.9694","1287.8","SALT LAKE CITY INTERNATIONAL AIRPORT, UT US","  41.1","24","  22.8","24","1022.2","24","875.7","24"," 10.0","24","  4.2","24","  8.0","999.9","  55.0"," ","  24.1"," "," 0.00","G","999.9","000000"
"72572024127","2006-11-03","40.7781","-111.9694","1287.8","SALT LAKE CITY INTERNATIONAL AIRPORT, UT US","  47.2","24","  33.5","24","1018.7","24","873.6","24"," 10.0","24","  5.2","24"," 12.0","999.9","  59.0"," ","  32.0"," "," 0.00","G","999.9","010000"
"72572024127","2006-11-04","40.7781","-111.9694","1287.8","SALT LAKE CITY INTERNATIONAL AIRPORT, UT US","  47.7","24","  39.6","24","1019.9","24","874.8","24"," 10.0","24","  3.1","24","  8.0","999.9","  59.0"," ","  39.9"," "," 0.00","G","999.9","010000"
"72572024127","2006-11-05","40.7781","-111.9694","1287.8","SALT LAKE CITY INTERNATIONAL AIRPORT, UT US","  44.3","24","  35.8","24","1024.5","24","878.3","24"," 10.0","24","  6.4","24","  9.9","999.9","  55.9"," ","  36.0"," "," 0.06","G","999.9","000000"
"72572024127","2006-11-06","40.7781","-111.9694","1287.8","SALT LAKE CITY INTERNATIONAL AIRPORT, UT US","  50.2","24","  35.1","24","1025.8","24","880.0","24"," 10.0","24","  6.4","24"," 11.1","999.9","  63.0"," ","  36.0"," "," 0.00","G","999.9","000000"
"72572024127","2006-11-07","40.7781","-111.9694","1287.8","SALT LAKE CITY INTERNATIONAL AIRPORT, UT US","  54.9","24","  36.8","24","1021.2","24","876.6","24"," 10.0","24","  7.7","24"," 11.1","999.9","  71.1"," ","  41.0"," "," 0.00","G","999.9","000000"
"72572024127","2006-11-08","40.7781","-111.9694","1287.8","SALT LAKE CITY INTERNATIONAL AIRPORT, UT US","  57.8","24","  36.7","24","1008.6","23","866.1","24"," 10.0","24","  8.7","24"," 15.9"," 22.9","  73.9"," ","  42.1"," "," 0.00","G","999.9","000000"
"72572024127","2006-11-09","40.7781","-111.9694","1287.8","SALT LAKE CITY INTERNATIONAL AIRPORT, UT US","  47.0","24","  39.4","24","1007.0","21","864.8","24","  9.7","24","  7.1","24"," 19.0"," 26.0","  63.0","*","  37.4","*"," 0.15","G","999.9","010000"
"72572024127","2006-11-10","40.7781","-111.9694","1287.8","SALT LAKE CITY INTERNATIONAL AIRPORT, UT US","  38.6","24","  28.8","24","1024.8","22","877.6","24"," 10.0","24","  4.9","24"," 11.1"," 18.1","  48.9"," ","  30.9"," "," 0.12","G","999.9","000000"
"72572024127","2006-11-11","40.7781","-111.9694","1287.8","SALT LAKE CITY INTERNATIONAL AIRPORT, UT US","  43.5","24","  24.5","24","1015.7","23","870.4","24"," 10.0","24","  8.4","24"," 15.0"," 22.9","  50.0"," ","  33.1"," "," 0.00","G","999.9","010000"
"72572024127","2006-11-12","40.7781","-111.9694","1287.8","SALT LAKE CITY INTERNATIONAL AIRPORT, UT US","  37.3","24","  27.5","24","1020.5","22","873.8","24","  9.8","24","  6.5","24"," 21.0"," 27.0","  46.0"," ","  27.0"," "," 0.07","G","999.9","011000"
"72572024127","2006-11-13","40.7781","-111.9694","1287.8","SALT LAKE CITY INTERNATIONAL AIRPORT, UT US","  40.2","24","  26.3","24","1015.9","23","870.2","24","  9.9","24"," 12.4","24"," 25.1"," 33.0","  48.9"," ","  31.1"," "," 0.00","G","999.9","011000"
"72572024127","2006-11-14","40.7781","-111.9694","1287.8","SALT LAKE CITY INTERNATIONAL AIRPORT, UT US","  44.0","24","  30.8","24","1010.0","22","865.6","24","  9.6","24"," 14.7","24"," 28.0"," 42.0","  51.1"," ","  35.1"," "," 0.27","G","999.9","010010"
"72572024127","2006-11-15","40.7781","-111.9694","1287.8","SALT LAKE CITY INTERNATIONAL AIRPORT, UT US","  34.6","24","  21.6","24","1026.2","24","878.7","24"," 10.0","24","  6.1","24","  9.9","999.9","  51.1"," ","  26.1"," "," 0.12","G","999.9","000000"
"72572024127","2006-11-16","40.7781","-111.9694","1287.8","SALT LAKE CITY INTERNATIONAL AIRPORT, UT US","  40.2","24","  25.0","24","1017.6","24","871.7","24"," 10.0","24","  4.7","24","  9.9","999.9","  52.0"," ","  26.2"," "," 0.00","G","999.9","000000"
"72572024127","2006-11-17","40.7781","-111.9694","1287.8","SALT LAKE CITY INTERNATIONAL AIRPORT, UT US","  40.3","24","  29.3","24","1019.0","24","873.0","24"," 10.0","24","  5.3","24","  8.0","999.9","  53.1"," ","  32.0"," "," 0.00","G","999.9","000000"
"72572024127","2006-11-18","40.7781","-111.9694","1287.8","SALT LAKE CITY INTERNATIONAL AIRPORT, UT US","  41.9","24","  33.1","24","1023.0","24","876.7","24","  9.8","24","  4.3","24","  9.9","999.9","  54.0"," ","  30.9"," "," 0.00","G","999.9","000000"
"72572024127","2006-11-19","40.7781","-111.9694","1287.8","SALT LAKE CITY INTERNATIONAL AIRPORT, UT US","  41.5","24","  31.8","24","1028.3","24","881.3","24"," 10.0","24","  5.0","24","  8.9","999.9","  57.0"," ","  30.0"," "," 0.00","G","999.9","000000"
"72572024127","2006-11-20","40.7781","-111.9694","1287.8","SALT LAKE CITY INTERNATIONAL AIRPORT, UT US","  41.3","24","  33.8","24","1023.6","24","877.2","24"," 10.0","24","  4.7","24","  9.9","999.9","  57.0"," ","  30.9"," "," 0.00","G","999.9","000000"
"72572024127","2006-11-21","40.7781","-111.9694","1287.8","SALT LAKE CITY INTERNATIONAL AIRPORT, UT US","  51.6","24","  28.8","24","1017.4","24","872.8","24"," 10.0","24","  9.7","24"," 18.1"," 25.1","  63.0"," ","  31.1"," "," 0.00","G","999.9","000000"
"72572024127","2006-11-22","40.7781","-111.9694","1287.8","SALT LAKE CITY INTERNATIONAL AIRPORT, UT US","  58.0","24","  25.3","24","1014.9","24","871.8","24"," 10.0","24"," 12.0","24"," 19.0"," 22.0","  63.0"," ","  42.1"," "," 0.00","G","999.9","000000"
"72572024127","2006-11-23","40.7781","-111.9694","1287.8","SALT LAKE CITY INTERNATIONAL AIRPORT, UT US","  54.3","24","  24.3","24","1013.6","24","870.2","24"," 10.0","24"," 13.7","24"," 22.0"," 29.9","  63.0"," ","  37.9"," "," 0.00","G","999.9","000000"
"72572024127","2006-11-24","40.7781","-111.9694","1287.8","SALT LAKE CITY INTERNATIONAL AIRPORT, UT US","  33.1","24","  17.1","24","1022.0","24","875.2","24"," 10.0","24","  4.8","24","  8.0","999.9","  59.0"," ","  23.0"," "," 0.00","G","999.9","000000"
"72572024127","2006-11-25","40.7781","-111.9694","1287.8","SALT LAKE CITY INTERNATIONAL AIRPORT, UT US","  33.2","24","  20.9","24","1015.2","24","869.0","24"," 10.0","24","  4.9","24","  8.0","999.9","  45.0"," ","  24.1"," "," 0.00","G","999.9","000000"
"72572024127","2006-11-26","40.7781","-111.9694","1287.8","SALT LAKE CITY INTERNATIONAL AIRPORT, UT US","  33.2","24","  23.2","24","1013.4","24","867.3","24"," 10.0","24","  4.0","24","  8.0","999.9","  46.9"," ","  23.0"," "," 0.00","G","999.9","000000"
"72572024127","2006-11-27","40.7781","-111.9694","1287.8","SALT LAKE CITY INTERNATIONAL AIRPORT, UT US","  40.8","24","  26.1","24","1005.8","24","861.7","24"," 10.0","24"," 14.3","24"," 25.1"," 32.1","  46.9"," ","  23.2"," "," 0.00","G","999.9","000000"
"72572024127","2006-11-28","40.7781","-111.9694","1287.8","SALT LAKE CITY INTERNATIONAL AIRPORT, UT US","  30.4","24","  23.0","24","1008.7","15","862.8","24","  8.2","24","  7.2","24"," 15.9"," 21.0","  37.9","*","  24.8","*"," 0.04","G","999.9","111010"
"72572024127","2006-11-29","40.7781","-111.9694","1287.8","SALT LAKE CITY INTERNATIONAL AIRPORT, UT US","  19.7","24","  10.7","24","1025.5","18","873.9","24","  7.8","24","  6.8","24"," 17.1"," 18.1","  32.0"," ","   3.9"," "," 0.25","G","  3.1","101000"
"72572024127","2006-11-30","40.7781","-111.9694","1287.8","SALT LAKE CITY INTERNATIONAL AIRPORT, UT US","  15.7","24","   6.0","24","1037.5","24","884.6","24"," 10.0","24","  8.3","24"," 15.0","999.9","  25.0"," ","   6.1"," "," 0.18","G","  2.0","000000"
"72572024127","2006-12-01","40.7781","-111.9694","1287.8","SALT LAKE CITY INTERNATIONAL AIRPORT, UT US","  28.1","24","  15.9","24","1029.1","24","879.3","24","  9.9","24","  4.7","24","  8.0","999.9","  35.1","*","  25.0","*"," 0.00","G","  1.2","001000"
"72572024127","2006-12-02","40.7781","-111.9694","1287.8","SALT LAKE CITY INTERNATIONAL AIRPORT, UT US","  26.2","24","  18.4","24","1032.7","24","882.8","24","  9.9","24","  4.2","24","  9.9","999.9","  30.9"," ","  19.0"," "," 0.00","G","  1.2","000000"
"72572024127","2006-12-03","40.7781","-111.9694","1287.8","SALT LAKE CITY INTERNATIONAL AIRPORT, UT US","  22.4","24","  12.4","24","1041.5","24","889.5","24"," 10.0","24","  5.5","24","  8.9","999.9","  33.1"," ","  15.1"," "," 0.00","G","  1.2","000000"
"72572024127","2006-12-04","40.7781","-111.9694","1287.8","SALT LAKE CITY INTERNATIONAL AIRPORT, UT US","  23.6","24","  14.0","24","1038.7","24","887.1","24"," 10.0","24","  4.8","24","  8.0","999.9","  35.1"," ","  15.1"," "," 0.00","G","  1.2","000000"
"72572024127","2006-12-05","40.7781","-111.9694","1287.8","SALT LAKE CITY INTERNATIONAL AIRPORT, UT US","  24.7","24","  16.3","24","1031.9","24","881.6","24"," 10.0","24","  3.8","24","  8.9","999.9","  37.0"," ","  15.1"," "," 0.00","G","  1.2","000000"
"72572024127","2006-12-06","40.7781","-111.9694","1287.8","SALT LAKE CITY INTERNATIONAL AIRPORT, UT US","  27.2","24","  20.1","24","1033.0","24","882.9","24","  7.8","24","  3.5","24","  7.0","999.9","  39.0"," ","  18.0"," "," 0.00","G","999.9","000000"
"72572024127","2006-12-07","40.7781","-111.9694","1287.8","SALT LAKE CITY INTERNATIONAL AIRPORT, UT US","  29.8","24","  22.4","24","1034.5","24","884.7","24","  6.7","24","  3.4","24","  7.0","999.9","  43.0"," ","  19.9"," "," 0.00","G","999.9","000000"
"72572024127","2006-12-08","40.7781","-111.9694","1287.8","SALT LAKE CITY INTERNATIONAL AIRPORT, UT US","  30.9","24","  24.6","24","1029.9","24","880.9","24","  6.4","24","  2.9","24","  6.0","999.9","  43.0"," ","  19.9"," "," 0.00","G","999.9","000000"
"72572024127","2006-12-09","40.7781","-111.9694","1287.8","SALT LAKE CITY INTERNATIONAL AIRPORT, UT US","  38.4","24","  24.3","24","1017.6","24","871.2","24","  8.6","24","  7.3","24"," 18.1"," 21.0","  53.1"," ","  23.0"," "," 0.00","G","999.9","000000"
"72572024127","2006-12-10","40.7781","-111.9694","1287.8","SALT LAKE CITY INTERNATIONAL AIRPORT, UT US","  39.2","24","  26.0","24","1011.7","24","866.7","24","  9.7","24","  9.2","24"," 15.9"," 22.9","  48.0"," ","  26.2"," "," 0.00","G","999.9","010000"
"72572024127","2006-12-11","40.7781","-111.9694","1287.8","SALT LAKE CITY INTERNATIONAL AIRPORT, UT US","  35.1","24","  31.2","24","1023.5","19","875.0","24","  7.0","24","  3.9","24","  9.9","999.9","  48.0"," ","  32.0"," "," 0.30","G","  1.2","011000"
"72572024127","2006-12-12","40.7781","-111.9694","1287.8","SALT LAKE CITY INTERNATIONAL AIRPORT, UT US","  36.3","24","  27.8","24","1027.4","23","879.6","24","  9.8","24","  8.2","24"," 13.0","999.9","  43.0"," ","  30.0"," "," 0.06","G","  1.2","011000"
"72572024127","2006-12-13","40.7781","-111.9694","1287.8","SALT LAKE CITY INTERNATIONAL AIRPORT, UT US","  41.6","24","  30.2","24","1024.4","24","877.6","24"," 10.0","24","  9.6","24"," 13.0","999.9","  48.0"," ","  33.1"," "," 0.00","G","999.9","010000"
"72572024127","2006-12-14","40.7781","-111.9694","1287.8","SALT LAKE CITY INTERNATIONAL AIRPORT, UT US","  46.5","24","  37.0","24","1019.6","24","874.2","24","  9.9","24","  7.9","24"," 11.1","999.9","  59.0"," ","  37.9"," "," 0.09","G","999.9","010000"
"72572024127","2006-12-15","40.7781","-111.9694","1287.8","SALT LAKE CITY INTERNATIONAL AIRPORT, UT US","  50.5","24","  31.4","24","1009.3","24","866.0","24"," 10.0","24"," 11.7","24"," 19.0"," 26.0","  59.0"," ","  39.0"," "," 0.02","G","999.9","000000"
"72572024127","2006-12-16","40.7781","-111.9694","1287.8","SALT LAKE CITY INTERNATIONAL AIRPORT, UT US","  30.5","24","  24.5","24","1014.9","16","868.7","24","  7.3","24","  7.1","24"," 20.0","999.9","  43.0","*","  26.1","*"," 0.11","G","  1.2","101000"
"72572024127","2006-12-17","40.7781","-111.9694","1287.8","SALT LAKE CITY INTERNATIONAL AIRPORT, UT US","  27.9","24","  20.3","24","1013.1","18","866.3","24","  7.1","24","  5.7","24"," 13.0","999.9","  30.2","*","  24.8","*"," 0.09","G","  2.0","101000"
"72572024127","2006-12-18","40.7781","-111.9694","1287.8","SALT LAKE CITY INTERNATIONAL AIRPORT, UT US","  23.9","24","  20.5","24","1028.2","11","878.3","24","  7.8","24","  4.5","24","  8.9","999.9","  28.9"," ","  15.1"," "," 0.10","G","  2.0","001000"
"72572024127","2006-12-19","40.7781","-111.9694","1287.8","SALT LAKE CITY INTERNATIONAL AIRPORT, UT US","  21.1","24","  13.5","24","1027.6","24","877.3","24","  9.9","24","  2.4","24","  7.0","999.9","  30.0"," ","  12.0"," "," 0.00","G","  1.2","000000"
"72572024127","2006-12-20","40.7781","-111.9694","1287.8","SALT LAKE CITY INTERNATIONAL AIRPORT, UT US","  19.4","24","  12.5","24","1028.5","23","877.9","24","  9.4","24","  5.4","24","  8.9","999.9","  30.0"," ","  12.0"," "," 0.00","G","  1.2","000000"
"72572024127","2006-12-21","40.7781","-111.9694","1287.8","SALT LAKE CITY INTERNATIONAL AIRPORT, UT US","  19.3","24","  12.6","24","1029.5","24","878.6","24","  7.0","24","  6.8","24"," 11.1","999.9","  28.9"," ","  12.0"," "," 0.00","G","  1.2","000000"
"72572024127","2006-12-22","40.7781","-111.9694","1287.8","SALT LAKE CITY INTERNATIONAL AIRPORT, UT US","  23.4","24","  18.2","24","1023.1","19","873.4","24","  5.3","24","  4.7","24","  7.0","999.9","  28.0"," ","  12.9"," "," 0.00","G","  2.0","001000"
"72572024127","2006-12-23","40.7781","-111.9694","1287.8","SALT LAKE CITY INTERNATIONAL AIRPORT, UT US","  26.3","24","  21.4","24","1032.5","21","881.9","24","  6.3","24","  5.8","24"," 15.0","999.9","  30.9"," ","  16.0"," "," 0.07","G","  2.0","101000"
"72572024127","2006-12-24","40.7781","-111.9694","1287.8","SALT LAKE CITY INTERNATIONAL AIRPORT, UT US","  29.5","24","  22.4","24","1031.8","22","882.1","24","  8.8","24","  5.3","24"," 15.9","999.9","  37.9"," ","  19.9"," "," 0.01","G","  2.0","001000"
"72572024127","2006-12-25","40.7781","-111.9694","1287.8","SALT LAKE CITY INTERNATIONAL AIRPORT, UT US","  27.7","24","  18.4","24","1033.2","24","883.3","24","  9.9","24","  6.4","24"," 12.0","999.9","  37.9"," ","  21.0"," "," 0.00","I","  2.0","000000"
"72572024127","2006-12-26","40.7781","-111.9694","1287.8","SALT LAKE CITY INTERNATIONAL AIRPORT, UT US","  33.3","24","  24.0","24","1023.9","24","876.0","24","  9.9","24","  6.0","24"," 11.1","999.9","  44.1"," ","  21.0"," "," 0.00","G","  1.2","000000"
"72572024127","2006-12-27","40.7781","-111.9694","1287.8","SALT LAKE CITY INTERNATIONAL AIRPORT, UT US","  39.9","24","  30.6","24","1007.6","22","862.8","24","  9.3","24","  9.0","24"," 22.9"," 27.0","  46.0"," ","  28.2"," "," 0.00","G","  2.0","010000"
"72572024127","2006-12-28","40.7781","-111.9694","1287.8","SALT LAKE CITY INTERNATIONAL AIRPORT, UT US","  33.8","24","  29.0","24","1012.2","14","865.7","24","  7.1","24","  9.5","24"," 15.9","999.9","  37.9","*","  30.2","*"," 0.09","G","999.9","111000"
"72572024127","2006-12-29","40.7781","-111.9694","1287.8","SALT LAKE CITY INTERNATIONAL AIRPORT, UT US","  31.7","24","  22.9","24","1024.4","24","876.4","24"," 10.0","24"," 13.4","24"," 20.0","999.9","  39.0"," ","  26.1"," "," 0.01","G","999.9","000000"
"72572024127","2006-12-30","40.7781","-111.9694","1287.8","SALT LAKE CITY INTERNATIONAL AIRPORT, UT US","  28.0","24","  21.3","24","1028.4","23","879.4","24","  9.9","24","  4.0","24","  8.0","999.9","  35.1"," ","  21.0"," "," 0.00","G","999.9","000000"
"72572024127","2006-12-31","40.7781","-111.9694","1287.8","SALT LAKE CITY INTERNATIONAL AIRPORT, UT US","  25.5","24","  20.8","24","1027.6","24","878.3","24","  6.5","24","  3.8","24","  8.9","999.9","  35.1"," ","  19.0"," "," 0.00","G","999.9","100000"
